winter_day,100,90,75,50,25,10
0,16.6249716081192,16.62783681107644,16.644893805773602,16.638446162105087,16.64659688020996,16.643648398473278
1,16.870810919927614,16.859177355289788,16.865574017265793,16.84865452248328,16.84827759362782,16.845675185787627
2,17.01898458058702,17.032137808506636,17.038200155441558,17.02162551425691,17.013089789598215,17.023022274059823
3,17.098447750796712,17.107151475774625,17.109468691547303,17.09175614412451,17.071230234481472,17.096728894889882
4,16.94894606927091,16.954419102110386,16.9551977458472,16.940272017186462,16.939370786424238,16.955280801439994
5,16.755922284408655,16.75468123007192,16.752656773979567,16.739780923678055,16.71563587724804,16.735916146463076
6,16.51181117882235,16.509478637922896,16.50019198365382,16.490583029242643,16.46586106304815,16.474490659823008
7,16.4879758537239,16.48319963126387,16.478722846273754,16.469551155571043,16.45942070615831,16.47155154995124
8,16.69085420621929,16.680843665091153,16.6697769968244,16.655523947569282,16.654615786992505,16.669454478605847
9,16.962444423093913,16.955075524495662,16.945345439871083,16.923941165524983,16.931488349365644,16.961200437162063
10,16.99167891621364,16.986900992349053,16.983730689854074,16.97683531190083,16.978549435893033,17.00049878134102
11,16.858521288241963,16.8516583522621,16.85334307769072,16.85245572850832,16.868379497602415,16.882545024729918
12,16.76622956127869,16.753416969169454,16.750089638937464,16.74520720915312,16.722450118166872,16.73956058286357
13,16.475364182892328,16.46634880089993,16.45789343087928,16.45930060438191,16.455442272381294,16.467203500764725
14,16.29381925623583,16.289948270537348,16.279490031837643,16.27644118216242,16.272222682661056,16.282894637095342
15,16.505154897594426,16.500929813822292,16.50287408199804,16.50173868155477,16.495653866136696,16.5119506169931
16,16.769299990558537,16.763865180305356,16.771638581865638,16.778740320254126,16.78902004176249,16.796214957138798
17,16.832147329365966,16.828452059995964,16.832928203838428,16.83655914180921,16.843238566524654,16.851872256630383
18,16.639532313277744,16.63727971305742,16.643557819120787,16.651631806681483,16.674830436238526,16.695633195311668
19,16.45516213708561,16.45053888931636,16.453775446401707,16.460787892523072,16.466621314671105,16.4835752645829
20,16.171712579580323,16.173368114095886,16.172921773462942,16.17310408331954,16.17269981561179,16.194900185352655
21,16.192497505160986,16.18984078396092,16.181484614500445,16.188668881014188,16.176925048677823,16.189501945382144
22,16.65406639305627,16.653695503633955,16.650990054101243,16.644772543926855,16.6536321398707,16.657869011508836
23,17.081186170745926,17.078351354220278,17.083080382751486,17.083365247521925,17.092351833182665,17.097410455453357
24,17.06129916595416,17.059726487352354,17.062406141877574,17.071687576974885,17.088340501990544,17.094542025188247
25,17.003942098991715,17.00068514366043,17.001982602877234,17.0071433167145,17.031806240785478,17.046260536906786
26,16.76759521510449,16.768442779754448,16.769133483292496,16.770330298748963,16.790042161391227,16.806049576732267
27,16.560495077406483,16.56084373207003,16.559223508219002,16.560248713392337,16.574356628224923,16.58348792614458
28,16.574477749970676,16.575394832930165,16.576042577640248,16.57857367637513,16.588268015587428,16.59470188108231
29,16.867042902492734,16.86638872993121,16.867743496226225,16.8710568726483,16.878788186424973,16.882389744160996
30,17.074935202688785,17.07703841550588,17.077573327285332,17.08090581662503,17.09094621380974,17.10441772570725
31,17.058583223827277,17.059086582775663,17.061219789046056,17.067456538684226,17.076349367571105,17.09224028958795
32,16.92393515019812,16.925129358107966,16.92728918651794,16.93198909670847,16.943008775207275,16.963607208971062
33,16.908092082636532,16.908807228868024,16.909431237924533,16.912504592023733,16.91674369056685,16.924563730954564
34,16.70213522880197,16.70079336075084,16.70199327179677,16.703735601101474,16.704144982706342,16.705609454181676
35,16.588316350112564,16.58835644172868,16.58969641254465,16.58652264885594,16.58585836765465,16.584865257056194
36,16.728042391545863,16.729804531956756,16.72974852284641,16.729896546384577,16.731644000364607,16.732969795079626
37,16.925688519331192,16.929752350720104,16.931554765215807,16.931728174185782,16.93472741778432,16.935240344175053
38,17.162252686842777,17.164500774468078,17.16536760046251,17.168645851168307,17.17073575889493,17.175359401872825
39,17.09968055883218,17.100615805586028,17.101825555121383,17.103276771592792,17.105219113042374,17.109693555787533
40,17.005967689458128,17.006902503827966,17.00838142347669,17.008981067730222,17.011143847049993,17.01246547090038
41,16.803803269459298,16.805234863905127,16.805597849442098,16.806002390117765,16.806667321595015,16.80798181265604
42,16.896987089708205,16.89635311942897,16.898137570434596,16.897605873018573,16.901021377774562,16.899430879024944
43,17.32778693415501,17.327966669655613,17.330006224943123,17.32934493663169,17.33482162405453,17.33504575035555
44,17.5385883449245,17.53788506456644,17.53979748518951,17.537641814674483,17.539371101121425,17.546392412227583
45,17.418312231465507,17.418599751479395,17.418639135627664,17.422317865600668,17.42291463319164,17.427214412322577
46,17.00353127986838,17.0043935318212,17.006174028861107,17.010125948738526,17.015717733884696,17.023967830524718
47,16.664461720180423,16.667289572609416,16.668958930294277,16.671139132355037,16.68063460759633,16.69196527767988
48,16.303416293808986,16.30309982085117,16.306288606236233,16.308289801118384,16.31349425828504,16.321926834399836
49,16.264182477866775,16.26615985077857,16.26591193726727,16.271493592110225,16.276329449039913,16.279709844997807
50,16.4404903108383,16.440096486677298,16.43893034711956,16.444055885089632,16.44963744810829,16.455325289164165
51,16.573751892103665,16.57252573078653,16.576391453399633,16.577567823354048,16.591067160697364,16.6029339997113
52,16.35757147042206,16.358643795509856,16.36450507606023,16.369074162735817,16.38729915112523,16.40007554206736
53,16.065551496734994,16.06729544644027,16.070501870852848,16.074784568363466,16.08573274661772,16.09953299232517
54,15.652044362269072,15.65431173675705,15.659492864300352,15.663122252417969,15.67909407286213,15.692455531747234
55,15.36822301050793,15.370507063112349,15.374198490758559,15.380079436914613,15.398195666306833,15.41145558703462
56,15.200045998372705,15.19839374718663,15.201340539688953,15.207842741159663,15.221150977159477,15.23180154210559
57,15.117112761389325,15.1144022809986,15.121000184527663,15.126278663055114,15.138591545349591,15.149244033773126
58,15.097322876707382,15.096997794438773,15.098325815306461,15.110493213808107,15.128425016433804,15.1477537193366
59,14.92035569807942,14.919295017785272,14.922744230635582,14.941960202628463,14.966109728065822,14.988137082499494
60,14.645553722815196,14.645628183163335,14.646455713747704,14.662973708378166,14.680030044879326,14.699236170857137
61,14.438800836439288,14.437981029134502,14.445036279778403,14.456766817687576,14.474331360338564,14.494040371006168
62,14.284661130220414,14.286149369968065,14.295251729117641,14.305574066692955,14.328940051886178,14.349860384666396
63,14.217462822677767,14.218712983501096,14.222670756317157,14.227741511089956,14.252158107664666,14.269097639231
64,14.454362769259196,14.45145167587536,14.45919166414591,14.47235349672672,14.486638770998798,14.504668852299774
65,14.72044522545052,14.717866495786057,14.72317630386553,14.737804259255347,14.754270707873419,14.77255781458542
66,14.802925773835096,14.803528571511979,14.814328669384604,14.828111614787954,14.84032660504938,14.868089043603653
67,14.6934403654297,14.691996764349602,14.697098453411444,14.711908240184409,14.727103338478429,14.750780733003888
68,14.614199753699888,14.615615865326005,14.624594218745235,14.638288871063612,14.650904714687078,14.67902627646435
69,14.523427379523417,14.52505356035689,14.53176010856435,14.538700408407605,14.552644029863758,14.56904143925661
70,14.475062201925567,14.47082959381802,14.47109080277322,14.478294260631142,14.490786586061335,14.502640185332794
71,14.725421039458823,14.724111001047428,14.728955127764605,14.737639696180524,14.75712746778264,14.778463650454205
72,14.996564754439941,14.995718410451119,14.997032913175243,15.013857712536648,15.033436741938687,15.05835260213189
73,15.103852841674954,15.106169464216638,15.109421128438509,15.124910465382058,15.147853899136368,15.173206127561802
74,15.19059153344098,15.192038763479378,15.194629465183986,15.210566057431553,15.228580664631274,15.25931681757595
75,15.179860714477464,15.180954855545853,15.190338635484434,15.200850598223376,15.220802232942475,15.249375497607335
76,15.209138570553513,15.21396000222689,15.226137858010915,15.230012872513573,15.24909026347176,15.270005579918202
77,15.448941600824524,15.445079983219317,15.443853260696285,15.45075322294617,15.454651186515234,15.48094012413567
78,15.88349808443068,15.879460094311419,15.879274786547889,15.888066512358744,15.89271493161759,15.912454374820939
79,16.15249908401987,16.148867362513347,16.155948054772928,16.1673301204439,16.178243553180707,16.193035610298523
80,16.212671656725952,16.209258588810037,16.217760982419847,16.22740579301464,16.2390028681248,16.264157283085844
81,16.19063423868992,16.18954395082216,16.190320209303337,16.199238325155576,16.217638855184294,16.24300709001824
82,16.116265522878976,16.11684681811704,16.120822304960203,16.127372189190172,16.148460765620023,16.1649648329574
83,16.1809495644392,16.181033483815515,16.170185656406254,16.17659262056853,16.187392048745078,16.20629076031924
84,16.3831489255998,16.38098671536725,16.376014484276702,16.373719421346337,16.391612898130333,16.407503698801296
85,16.700069512503525,16.700160771001265,16.702655334142925,16.700743258269696,16.71658068766322,16.72679263003579
86,16.999503979170942,16.9983467219835,16.998226392268325,17.00629660105667,17.02189260943922,17.038592980958093
87,17.09043017495662,17.091666287734558,17.095323837040162,17.112004230790507,17.125876230147504,17.149416312308777
88,17.00940300016409,17.01417416537857,17.02104228343139,17.031449584290286,17.04304140302991,17.07056732727242
89,16.91614550504239,16.91247367303135,16.914444805320482,16.922274290066092,16.945810907508612,16.988277323774618
90,16.745623032978603,16.740237204712308,16.744386990343504,16.734614995728915,16.753226711785864,16.76929716479771
91,16.785508909762306,16.77795417579505,16.7845845880975,16.77112004662989,16.787180455747556,16.807891445311544
92,17.05456668228971,17.04821033256553,17.055777042898395,17.060734504047637,17.0821544678358,17.118010135498466
93,17.411770929649318,17.409329245380682,17.409208189636775,17.41281503338993,17.434975605288745,17.464045053814818
94,17.598200623429594,17.599995025647484,17.600069823442954,17.616106471964034,17.642740299142616,17.667110908038534
95,17.822961985831974,17.824453982454397,17.842071947238743,17.842514427427417,17.856965445905804,17.884417110271098
96,17.821909554043152,17.828406441812504,17.846161122093672,17.853752894544012,17.873963809954358,17.90231420880472
97,18.205147804645918,18.206787361423217,18.214875740376687,18.21910214448726,18.23280071082354,18.261641741401824
98,18.4688138132888,18.461146360619484,18.467735052453687,18.467013034532823,18.477963909014786,18.504582828274838
99,18.945956186354433,18.944810816353083,18.955095240324383,18.963218131310864,18.981975145286132,19.006787266130875
100,19.339099044260543,19.341416240374425,19.364824965469833,19.378405069958024,19.417961395244408,19.456508144062678
101,19.923512011725002,19.927899637568522,19.950797779315373,19.96281222413876,19.99329739985646,20.045931191011256
102,20.134695508409013,20.132622990500433,20.15172914111883,20.166398155928526,20.209555542325187,20.264893144617137
103,20.941087404204797,20.930264101187102,20.93734092370214,20.967365563544213,21.025256109145296,21.072946735599256
104,21.528465174003358,21.514256200107603,21.532160497712553,21.551336005536534,21.60594839931838,21.64523423877946
105,21.628291599396274,21.6177380940859,21.628334231004107,21.644972056378034,21.680599198399076,21.723797846656463
106,21.76162432970051,21.756970810290458,21.76396326794214,21.7707059027544,21.82096731093756,21.86183138567145
107,22.050778461301267,22.047688075360192,22.05397176589036,22.080881204370918,22.142348716058653,22.20164609397204
108,22.14083054749859,22.143307993724246,22.158217495228417,22.199324297694503,22.27162626245364,22.33559049203922
109,22.17443697019574,22.17301598540437,22.187876781086644,22.23316795167674,22.305432674730245,22.373522773390757
110,22.174912415880126,22.172479537140426,22.183342866139256,22.20642127103298,22.250730876116346,22.29759795591252
111,21.94847608084632,21.94041117093392,21.949328032059654,21.971819191091434,22.01865937513408,22.063368841332732
112,21.480471767206467,21.48134377798091,21.49738198832376,21.519418316843257,21.574757129687193,21.634665768903545
113,21.524429432950736,21.528044463741978,21.532505834003192,21.554919483840635,21.613346785362083,21.661879314945324
114,21.735680543622465,21.73264240945643,21.73342783814452,21.769086589953538,21.831252334179784,21.898091583978303
115,21.76864418499618,21.775186332002857,21.782721382612607,21.833015527552664,21.887342032244756,21.97469053678253
116,21.44622977874957,21.441571786260496,21.439880902813837,21.47705296949547,21.549593045523018,21.632626963577156
117,21.30088925148437,21.31254856295211,21.320129559157223,21.356124843127795,21.417767860838143,21.505139803310534
118,20.773572399456903,20.778788129487555,20.769428828805637,20.79420870168037,20.852914815815062,20.92896572697845
119,20.63617202740491,20.63045694703228,20.623953527419783,20.64376602896437,20.702758155050464,20.77096652118737
120,20.63278139093205,20.64102887770194,20.639006429370635,20.663331733410672,20.699727836149524,20.785427934011114
121,20.76808931024836,20.78052095349679,20.796852889139004,20.83104787962876,20.910855296277845,21.03388991471664
122,20.756767198516084,20.771733156541003,20.7939049991125,20.862517699765043,20.99587493757472,21.133071421911318
123,20.538905043499156,20.559200604222397,20.585795923699646,20.648055641748158,20.797217540560425,20.92987211346134
124,20.297649359503502,20.29800616541923,20.3250277289596,20.39530326815634,20.52932924048957,20.673048376476398
125,20.169329237081143,20.173788245071542,20.17114451682361,20.208300570789497,20.289564672185,20.43806229061545
126,19.91871568072913,19.923351763991096,19.90631252288053,19.953252743806786,20.027739854386756,20.15199541848485
127,19.682592501388033,19.69357951422244,19.692238761767587,19.734222366587314,19.815583229869997,19.967909405135398
128,19.74955035330755,19.75462949836346,19.768627932487362,19.824084472407794,19.942151637016597,20.09867000244743
129,19.860380549943635,19.86184669048882,19.880734370372043,19.941372529059652,20.09892817823702,20.273596406952496
130,20.060895574518305,20.057336930328677,20.07382620545233,20.14304259694649,20.311299689465216,20.509380603688765
131,19.851482910379946,19.859676598712323,19.866020152217224,19.942327977743066,20.1157607428857,20.30145630053328
132,19.950452793901533,19.950485207545086,19.946504492546374,19.997138053095327,20.15954263924787,20.33240179373512
133,20.056256674087912,20.071764620343227,20.067825636275792,20.119826149755582,20.25438815217985,20.384966967328175
134,20.268575638225748,20.292231114886835,20.287542473701208,20.361938226609627,20.497344040454358,20.639869806186457
135,20.730056209541033,20.733774536416387,20.744897282131642,20.847066657767993,21.040271726177423,21.214600538034983
136,21.29149074064722,21.299928295448055,21.332784727422627,21.428820980565828,21.62735289968493,21.834268553224994
137,21.741832354267157,21.756500141762544,21.79732307368545,21.91795747275815,22.103304700380136,22.313876702247597
138,22.02013508900249,22.03036009284986,22.06519057271279,22.161343013085,22.332905344453767,22.488828631958828
139,22.1311958836966,22.131914125230836,22.171404356501014,22.216165994238665,22.280183397200332,22.364071175507277
140,22.20370586272487,22.193591287503683,22.223768766413237,22.25485671052055,22.253103463040382,22.251395311634166
141,22.532295720443315,22.526891452137917,22.545233370360084,22.579615620075373,22.54438538370313,22.513439451411017
142,22.934725970845573,22.932449851216337,22.942467672717445,22.955681240246502,22.965041149689522,22.952546055934405
143,23.566012977167514,23.576546978983703,23.58676266004359,23.612816004716688,23.607015586538182,23.6383890810816
144,23.836204803197568,23.817400503597266,23.820856877655952,23.80433809064273,23.77163311804258,23.811686401703007
145,24.012984538054205,23.996712130200223,24.006293606547473,23.953628633919642,23.884468299594005,23.876302195930705
146,24.14103876977815,24.12064093364167,24.110297053742705,24.05438553534988,23.96751333243644,23.939098575561857
147,24.135153414172454,24.11564920469873,24.083416590647435,24.027703588564446,23.922876425157245,23.811652283281415
148,24.23948308394119,24.2137374632895,24.177381684808438,24.119166262679734,23.971995247395498,23.83463670571404
149,24.62928194164903,24.596527338090823,24.534620274611576,24.45884456459807,24.32430590652256,24.162306527244144
150,25.10938418587608,25.075983750998088,25.047386360590437,24.965135281962688,24.856961089534323,24.713440112533164
151,25.486076629122948,25.439384997573086,25.390048862417892,25.281357423270244,25.183837803213905,25.088916764399944
152,25.742814784709164,25.699520848654014,25.632784072127933,25.492063085873653,25.356410788324542,25.26715421647253
153,25.58705150251145,25.555042077977404,25.490706910626358,25.359629133841867,25.163644178103198,25.022604127257527
154,25.60694267845888,25.57666340423704,25.53858916790486,25.357060642944987,25.104032400346014,24.985724550343914
155,26.024960594107185,25.999225494345172,25.924977053926998,25.677447727344305,25.287967978768975,25.152265981460154
156,26.49018632378862,26.438103714494616,26.351452318267746,26.065519151596828,25.606855115849495,25.467863535862804
157,27.14262350460192,27.082373788736536,26.94664599451731,26.61772118012803,25.96337674894605,25.744875538285687
158,27.91963252888046,27.85066832592647,27.72732760377807,27.35020825928747,26.522797943718388,26.24416193678366
159,28.326486219387085,28.264650408595877,28.15254347105212,27.75845777815191,26.88021479506597,26.601003413171433
160,28.25593538445197,28.21354279342829,28.119367807287247,27.785150875005318,26.956018015101886,26.654050697449495
161,28.14000339928293,28.10050773198483,28.015910331766108,27.726450264932566,26.913066601971035,26.659712163634342
162,28.51726163219824,28.46941489812012,28.365668338702964,28.041397497910385,27.13615101671465,26.85341360180098
163,29.19102034137701,29.113904138017997,28.98566036211097,28.596315026404678,27.556007851001507,27.176137590747167
164,29.81960210929555,29.737654193861754,29.573647173885814,29.11728846850092,27.99476017235101,27.62309532433214
165,30.168736367531075,30.07137818505006,29.905135205999372,29.423962418240976,28.246730485417046,27.871868581548906
166,30.41798357284129,30.30495306810458,30.141888894868043,29.726865022598627,28.5728411102978,28.128968331680085
167,30.383144898998356,30.32230107382203,30.19943198511434,29.83174063303432,28.67019440301471,28.27440697807946
168,30.458270260536167,30.40474052628972,30.27442402192838,29.94953040842337,28.747300740562068,28.33412526277322
169,31.078377251863095,31.038283572942852,30.922082834582397,30.564792415946897,29.30419708049866,28.848497269972395
170,31.489634256390477,31.4353504300076,31.299144594408382,30.872126833940108,29.751016954311655,29.322457984523886
171,31.811969738977478,31.73689998226213,31.563413991292563,31.10331555329849,29.99600595930586,29.577574259358432
172,31.938734978339816,31.85946884622924,31.676306379394664,31.198205861198776,30.2397871130441,29.82166263320836
173,31.988183200573836,31.8990241204409,31.714620176113584,31.306705845551576,30.37951781702565,29.942190028480205
174,31.635902677261004,31.533648566108084,31.321968094060633,30.90846266269688,30.241623513792472,29.883340574072715
175,30.88844173664032,30.766834172147814,30.5088323140876,30.14780973302297,29.725709160731473,29.487415433959132
176,30.699652542363587,30.607487705432312,30.392556800220788,30.072712220306492,29.583744489291604,29.32437331752309
177,31.113861339581128,31.033529713714252,30.843005323021124,30.483719193490206,29.88309467444406,29.556327925044755
178,31.079882997301866,31.031575421750272,30.88681574064421,30.533132850811977,29.945854283198013,29.59165942934724
179,31.32650127205052,31.25739882028402,31.060242554008106,30.726456814032936,30.233376655986852,29.882217754775265
180,31.281327030383896,31.213810560447847,31.064907095767456,30.764406070170065,30.35867934582591,30.038165960910295
181,31.518255682398543,31.4660141424052,31.312559661956563,31.022619769214238,30.611413725456373,30.292933039531228
182,31.91859310320929,31.819656923806356,31.654900449002472,31.336217179061478,31.002555110507387,30.644112519527532
183,32.06266220368263,32.02513083973526,31.905301222587134,31.576539649772595,31.240478781838657,30.812261460227486
184,32.35417447251072,32.297644248575146,32.16192258712914,31.861436038755176,31.37479742911653,31.01697930831169
185,31.98701302415028,31.93007798924427,31.81207636711276,31.586345405229782,31.135456104817994,30.793284143838623
186,32.37496994852497,32.30929525442493,32.186521714686826,31.93774300891782,31.531261893334438,31.157907453803414
187,32.58317047252564,32.561281525136174,32.45090585209071,32.25707639445859,31.895169582089974,31.46582244766446
188,32.83796470402866,32.7936793354787,32.695201503627636,32.455438837791306,32.10847552739713,31.572612880572624
189,33.041765821087836,33.01644940612311,32.943518521309514,32.72755947990888,32.38399318833272,31.742897625641135
190,33.275486515667765,33.24973954941481,33.14919644937852,32.89620485748975,32.57126706233802,31.86280049856265
191,33.87737930141892,33.83475702908573,33.76251783752584,33.520030417367344,33.04718231605983,32.21303756522217
192,34.575047164803,34.532853825478824,34.45272264436446,34.20977472593667,33.663949870975124,32.771452926389834
193,35.08722974392902,35.04319778412891,34.93651148405709,34.71547473100356,34.10004272760352,33.24534160423091
194,35.54888721616623,35.505703119618445,35.444135212112414,35.23869971036592,34.6132317001183,33.70421583745436
195,35.71503689254348,35.73893805513924,35.72422377928538,35.5781218659623,34.93194421781397,33.99553122143233
196,35.680564068744964,35.715158769424306,35.72281705222902,35.665816141422525,35.11760777095544,34.131283026446155
197,36.08770321393652,36.14281786898454,36.169531433228116,36.13113782982961,35.50151446930311,34.443680435849096
198,36.590725440429864,36.66014887125778,36.68908002122381,36.65964461046932,36.041823988025236,34.93005939504919
199,37.1886173828214,37.243033292765155,37.27470922684308,37.22508272751863,36.590675407241974,35.49445659398399
200,37.19391466706631,37.261720890779756,37.28550095084106,37.23355110313207,36.60534059188166,35.49564958842616
201,37.06766377652819,37.09780439145089,37.13584252978068,37.106753519167675,36.572543604859135,35.509294067827916
202,36.596329797549494,36.62461479756195,36.705047416915946,36.77115583429432,36.38696849686404,35.347956102439554
203,36.59465996934095,36.61896841387919,36.697972989217995,36.76428585413666,36.50240010177093,35.433095927331976
204,36.81672706156654,36.87763978124242,36.96469688101106,37.043077448743595,36.705301292244734,35.6783671336063
205,37.41448329414748,37.47456916447031,37.5795843351933,37.73196957479756,37.30834198244957,36.284655917983926
206,38.08878279007893,38.168902076632605,38.29342390370844,38.43496635119196,38.02894666958343,36.998060263931016
207,38.8840933328375,38.98074732440995,39.076690419629315,39.23454862463185,38.93008204671865,37.90924576097289
208,39.313252796617675,39.430210918015156,39.570913388032885,39.82371572966954,39.637975306666114,38.71300146146258
209,39.35406690793502,39.46638634498463,39.654091961922106,39.99266324515276,39.950048208452344,39.195518819336755
210,39.59656067150485,39.708098210505185,39.87762802984507,40.23224256004888,40.33211070218118,39.70049573015794
211,40.1185381016412,40.23539441032475,40.42931383960269,40.80370179475366,40.97755825582886,40.448703465345105
212,40.940233070560566,41.06604628710325,41.219054337809524,41.62531297467442,41.86383827658601,41.370866076883786
213,41.71774923366027,41.86069785986753,42.028664987435036,42.404946122684805,42.664104130910516,42.138302200204166
214,42.894806751492126,43.01586390435717,43.17194570599469,43.5159722971695,43.71454162721539,43.18243608824083
215,43.98081851717779,44.07800981645527,44.22731678901066,44.53719798778512,44.678807336324866,44.12392237441605
216,45.26075080288614,45.33636992775181,45.49550456025409,45.76359573117798,45.85467044754868,45.19826828233274
217,46.72635186645177,46.77358417748532,46.893063808740735,47.134552276902255,47.15271627384821,46.457332062260704
218,48.070964348016375,48.083928832805356,48.08564694702787,48.25295790730277,48.178408549254826,47.514998714154366
219,48.69052985781669,48.69298054018217,48.632167034755795,48.791281480369534,48.50567918928796,47.91992256099258
220,49.03455762087249,48.953568786017364,48.81977696890246,48.938595952499014,48.48624335340094,47.907102196880615
221,49.56636306309517,49.45885332932434,49.297109859850046,49.376501273387866,48.83829996363288,48.23795200133863
222,50.15295141142736,50.05013530561969,49.902393565654286,49.857101427762366,49.421685480587136,48.857530291164146
223,51.049374363520464,50.95128194233591,50.845763229712674,50.79093181103086,50.312899612747685,49.68588915944052
224,52.31053481029032,52.18888409225817,52.132756409694835,52.1310416412085,51.69284966689274,50.99585950144327
225,52.970014834375064,52.86286180027575,52.77372197257719,52.78240601258354,52.23180735897326,51.56654085153076
226,53.32339923938003,53.207167400300314,53.09036860289835,52.99249195249215,52.466627239161575,51.78553508256719
227,52.742815887623244,52.64341288247932,52.476633830135576,52.36047625547896,51.788542001062105,51.177705908256584
228,52.696364865303885,52.513846588443066,52.29212664640699,52.188580266387525,51.64592491701792,51.070268241261424
229,53.020574432723045,52.83489907063444,52.552221729540776,52.40502382829283,51.86880321046509,51.246851462167264
230,53.74208044609958,53.597836242649976,53.34443895288778,53.16389580444465,52.60568333002221,51.979091430205415
231,54.67820613628575,54.54393783666861,54.304520089029204,54.07136812288524,53.51755137454753,52.90842577902254
232,55.05124865055846,54.902841330116885,54.66895500464401,54.36240660626667,53.733292542407035,53.06954477484937
233,54.776314436054676,54.56841877181569,54.27259324251393,53.93421950140258,53.293294111551894,52.64051203946046
234,54.51511227582605,54.32654148703669,53.95134555835183,53.58195332003916,52.84058234850134,52.20542305113636
235,54.518198300704235,54.274296688318884,53.800646642664994,53.34889240184504,52.59423542608162,52.03379946427041
236,54.76505311700458,54.45509635258514,53.93263306627056,53.35227121320397,52.522082107726675,51.987872249403466
237,55.341976189147346,55.06770728663323,54.55838645459564,53.891486888001815,52.87018594217158,52.31882839989993
238,55.8145655578062,55.55809695098364,55.06218881497143,54.33733584505563,53.29639530858029,52.65964388680931
239,56.464531555842996,56.26842845407077,55.73757667153403,54.98304005628712,53.801754432534636,53.112367207151024
240,56.88395964816684,56.648940217496104,56.12908259187788,55.19797948227521,53.89117384876077,53.06044190695441
241,57.39053542152608,57.1343169663419,56.57964460528936,55.55423081921823,54.03266220339291,53.05269986897549
242,57.75853598378864,57.53647144942282,56.926606726349995,55.699380133748654,54.12492508408014,53.07609827835501
243,58.39124359099197,58.158021129328795,57.416243435597,56.28432131573798,54.48302664078137,53.1886995040858
244,59.97133611439596,59.73902422857541,59.05923636867988,57.66863074677969,55.5566439552799,54.04291923075842
245,61.71964714879137,61.44848800554595,60.80898265447056,59.1555438680569,56.77600856546802,54.90875047942017
246,64.10349454301846,63.7244792865936,62.98593514738351,61.0750626837364,58.12232322081287,55.82426933264459
247,68.02410833571494,67.39102566889528,66.43917828786952,64.46576523462038,60.84253078179295,57.94896226498447
248,72.37014114180644,71.52308661969768,70.06011697359925,68.29027746751673,63.67139541310943,60.024679257833796
249,76.54616669184313,75.51014890476206,73.69069112977724,71.1818610714304,66.19963618817513,61.668620047157944
250,80.83272751789315,79.76155996513859,77.603891692826,74.61316409757073,69.22710697288225,63.911519350989494
251,83.52023602752858,82.3410197668344,80.215568229603,76.95907491112825,71.12943236292496,65.53297762789744
252,87.14506394154083,86.07917467278581,83.98718744908057,80.26737915938506,74.09049602447291,67.51472447544032
253,90.29318118892814,89.3110889047041,87.35818567830916,83.3753439328463,76.79270788333898,69.42161522045748
254,93.24862497341192,92.42690731096926,90.69812923519008,86.63570983242276,79.45871868662904,71.574559505555
255,94.33127890139947,93.55627657328334,91.98459032356818,88.04792330367569,80.61443558370479,72.40250718256645
256,95.95946191023143,95.25318326766902,93.8405375318692,90.55166450782902,83.41416060790382,74.59242608154189
257,96.69268992219048,96.0139197394912,94.58145255478782,91.1635381177697,84.43401257019042,75.4233386757219
258,96.77835081179599,96.08627127877277,94.88113331595852,91.8167680832655,85.5643113625457,76.43178678005447
259,96.32136315343864,95.66339517830454,94.5623140700323,91.63402651765188,85.22001224784528,76.12161960599404
260,94.24791783395658,93.70098995150761,92.73064654851176,90.08023491418527,84.00710436103758,75.00323371224341
261,92.98446358588224,92.4365750513307,91.34694250208999,88.96718195646443,82.8893522942029,73.81606960964112
262,91.58295707648445,91.02508445374838,89.91336915798558,87.79863486354645,81.82963968294348,72.83645304668384
263,90.41842721875754,89.73607957712422,88.73722756137978,86.6290302903998,80.3295892955765,71.9853019676943
264,89.93877080382805,89.52926357347526,88.68964414072622,86.83062648496704,80.75068746437381,72.09231492739491
265,88.89496153247879,88.48776311730578,87.79273546662235,86.0055447599528,80.18764535827614,71.66043743402736
266,87.84883757216029,87.4979252602012,86.73376578498072,85.0491627094119,78.88416503458666,70.60822505454789
267,86.73322007910637,86.32679322259773,85.74710307716164,84.38387971799814,78.47676690076965,70.3025269865312
268,86.11313476538112,85.72238527974585,85.06773804904148,83.32040285710399,77.74415725334316,69.90367819481047
269,86.43859593139635,86.12973187805356,85.51150595117592,84.21111851931603,78.43912541508149,70.68492039961274
270,86.43932184676363,86.17207843663597,85.62058193373285,84.34583548783233,78.4772305409497,70.42059793910998
271,85.86692268763636,85.4981445134966,84.9805107322124,83.42384158503812,77.38183285185256,69.45456462957803
272,83.8247109182068,83.45898417609604,82.83154814991488,81.30080188437638,75.35203744219197,67.46031824844033
273,82.15301095269965,81.74604703287147,80.95580325372023,79.4125445146923,73.48246292285593,65.78013250396329
274,79.7996760209659,79.36552596289751,78.57356199795798,76.96323675449905,71.24161534142827,64.13667534450026
275,78.134517111924,77.68403590941479,76.92088492514823,74.89720447770155,69.01803543215827,62.4761215934547
276,77.12429438402411,76.66018265204468,75.77166022187257,73.55937125701537,67.11894522967722,61.685106422572304
277,75.742138360673,75.37133439090667,74.5368877176902,72.21152867051804,65.68442004160786,60.6873271637058
278,74.57496020182612,74.14978313288594,73.24171348942302,70.35972488327633,63.93873788816559,59.26918135591449
279,72.81646933686102,72.3621360744965,71.30943949167307,68.29136185721283,61.93986366447242,57.831433845590034
280,71.63115627659178,71.19029267190766,70.02979610779768,66.65979617237917,60.34309867467221,56.967227343312324
281,70.93042796661396,70.49575278307833,69.2117133549611,65.76083815874931,59.72225011430002,56.70329571647166
282,70.69517595413073,70.24582838823153,69.06127278635559,65.8102116330405,59.936737362814966,56.975679246221134
283,71.41249695934711,70.9893910986416,69.8550735521906,66.65836227065658,60.7910256213722,57.47184999729133
284,71.57223346748974,71.13134814492534,70.05628699950927,66.73114104278567,61.05099517124486,57.52490883217723
285,71.02418163397635,70.629559432823,69.60909984279125,66.22376996492159,60.39267203689147,56.87186381898563
286,69.50023654262463,69.08442851866613,67.95112684595527,64.56498460277136,59.00710085206541,55.907576631627826
287,68.16650421458287,67.7201775386131,66.54763735021174,63.12210246306558,57.81744704752811,55.18370837943809
288,67.26097296948006,66.83901378515115,65.67283411724833,62.39562733392651,57.240304492745054,54.84606172122585
289,65.87969183259223,65.39232660168766,64.26863193227989,61.03366979325453,56.37525075964498,54.11287268992759
290,65.53271182685026,65.07459010322968,64.00298389990799,60.991542737176836,56.73612949878278,54.43232679035912
291,66.00892719156977,65.45074726488636,64.49756380949277,61.44436352567026,57.28884640316879,54.784519297182314
292,65.14199146839573,64.46370164208987,63.378382324702464,60.55708978320009,56.6782305827494,54.30072040793229
293,63.14965236185059,62.57509898094218,61.38365250099681,58.68404189588023,54.95765867577589,52.61249959608335
294,61.480353607562755,60.803197002161596,59.71066077557951,57.32260195397167,53.9670844262815,51.74973900233579
295,59.84833934194829,59.22855211141228,58.345421371929035,56.128213068714835,53.25024566062534,51.23639958024946
296,59.23482045063557,58.66715781619533,57.815651122288365,55.57764358465149,52.99613517020146,51.091313920934965
297,57.94965010845203,57.37800009171889,56.52525506005961,54.59597183154901,52.384667585787085,50.63055153736741
298,56.121905004932884,55.64177902169304,54.77714788820024,53.07086370444893,51.13948920957243,49.88218810049524
299,54.72473347216615,54.22895389090243,53.43495865876548,51.96600442180221,50.105568258962286,49.10424306202731
300,52.514968706645966,52.103896886533825,51.349833074189384,50.09859950936864,48.65007174489157,47.8857401306462
301,50.76799011832585,50.39183331154936,49.7125206165964,48.67923844794361,47.471668204177845,46.833010589384116
302,49.25381289210206,48.865650528143206,48.37440024537475,47.559403088059476,46.66743523360969,46.13965800871568
303,48.18290803401061,47.84823868389487,47.47030721953976,46.86371055120409,46.091068509949906,45.585236604930756
304,47.86834493517274,47.564321464695034,47.11966339577257,46.3772109098057,45.635462170384336,45.218743112575446
305,46.81850513034687,46.55032762150654,46.157132249939565,45.508959027367766,44.886696221067844,44.61352770377108
306,45.866396576693376,45.561052999839966,45.168842574341056,44.58295003265053,43.9418130582633,43.849492769597205
307,44.68591941545803,44.35341688945405,43.949482264565404,43.37519781103322,42.84992180505307,42.99214634734306
308,43.689373182313496,43.34799951150008,42.910007114362095,42.333233947117876,42.03425029036146,42.35589431161571
309,42.17602743951287,41.82263953748177,41.50347933050995,41.11549818681431,41.11201523539083,41.589039599882405
310,40.943818396232516,40.67426935051214,40.46876294994972,40.275541683310195,40.46853293126712,40.867509121863236
311,39.93567196569821,39.7503481820611,39.63504708681624,39.56313454063262,39.841681979992394,40.231587866687946
312,39.01561941750035,38.96532178119649,38.957606966123464,39.025821620649864,39.40712672670604,39.86140388433062
313,37.21864520912535,37.227340689400464,37.23223091297816,37.406169213888106,37.807051368071626,38.253251258281914
314,35.560369604431486,35.53632890640943,35.6149247519536,35.80650609675499,36.32640635310102,36.77722688476498
315,34.03676329754385,34.03792985414628,34.11434853157894,34.39384611780484,35.01465291938192,35.602053872242976
316,32.81327892603271,32.85947677336223,32.92875274392415,33.22610515110853,33.882748428844,34.50955798841179
317,32.33767414247496,32.38185232054324,32.452562861519596,32.65065738704442,33.16260319710385,33.539621609355365
318,32.05438928066521,32.07272575357792,32.151329444976234,32.398120787183025,32.704290254976065,32.70813408563033
319,30.730123161137207,30.754218478820082,30.81913657271161,30.978647316508393,31.274973853465813,30.998926958914023
320,29.161430567304592,29.159959284426606,29.197214866416022,29.29175313087685,29.346466581631283,28.888778719929594
321,27.586518904262395,27.596572572776058,27.590014122856104,27.57490285430589,27.517338359438284,27.012866139217802
322,25.90329797012731,25.92446329349997,25.887886728866377,25.851118470349867,25.766467179813688,25.209765832994457
323,24.69761349151849,24.684871623137564,24.665243481744493,24.543667263146524,24.269208919320793,23.763049363805454
324,23.874402343296495,23.846176942338978,23.773758322097613,23.67902192276273,23.28622862161967,22.881519338520448
325,23.40101432799706,23.348940747225164,23.27513304091068,23.15143221517158,22.63184336494954,22.246177437362903
326,22.555298478869243,22.493280908802728,22.42206251989944,22.341172527203394,21.84994468674411,21.56118948775912
327,21.755662303746927,21.71281225831163,21.648125016579638,21.54560029517825,21.075949152570214,20.899421101668395
328,20.63821962946785,20.590753644151476,20.51776048688695,20.424657243514304,20.085292257150282,19.976538325197073
329,20.03449178215931,19.98457003768319,19.933322103512722,19.85741419051924,19.592395026116435,19.515665450481414
330,19.683095476374714,19.641411373365568,19.58892930499622,19.5802369690474,19.357800419976545,19.254986550453765
331,19.605567540415315,19.581880981690958,19.534294355058826,19.50210610787523,19.322948407719387,19.23693365840772
332,19.521270103571613,19.49807365409584,19.459526929475274,19.41969702846952,19.302670124562646,19.224602339491003
333,19.282851599620034,19.25632779888159,19.22773073562108,19.19637687299276,19.10969790312532,19.030864887627647
334,18.894202235915643,18.86467964892924,18.826891925207253,18.782772712699284,18.727624657464073,18.678665755482342
335,18.546854393775124,18.528292002727248,18.50431178935919,18.465527779178636,18.39226440633323,18.35377194359183
336,18.181863718176768,18.155564162712448,18.1343626331913,18.135302667672036,18.06078720326847,18.00931730077863
337,17.975731606717655,17.951051645814154,17.930635171216025,17.90719819893844,17.863276006538253,17.818525294749193
338,17.98344169538638,17.97297877261837,17.97101259978006,17.95665294078241,17.91793011258538,17.884470980954536
339,17.856933437776703,17.84666684066044,17.84145695497449,17.82405835173726,17.81593916869624,17.779042684344716
340,17.502875635565513,17.496019762060282,17.49040914766523,17.455952315309844,17.460094555109062,17.446633663134616
341,17.158326366901107,17.154843489272363,17.143184974284427,17.117031320920535,17.10203927458279,17.094277080843536
342,16.792065316886987,16.78573188214762,16.77778806896378,16.741235080083765,16.71616598638095,16.67645457716604
343,16.54751159616316,16.53592945920776,16.52012550616831,16.474247346587436,16.441262246683475,16.389391569783275
344,16.532804190854254,16.50881504136132,16.47446699664867,16.43174915927317,16.4126250378286,16.378586934528467
345,16.723271146527598,16.715209823200045,16.672731260423493,16.631738547959205,16.62134927394037,16.621566515051388
346,16.818966789299722,16.815996049621738,16.783528524963124,16.753054231216062,16.744451693818256,16.736354914790507
347,16.790761500876744,16.788687150822835,16.776831050565168,16.756759068634953,16.77587451158189,16.782267789137563
348,16.646886000869742,16.644713267933852,16.655150599747287,16.65571675528982,16.670583726713595,16.669877215174033
349,16.50033895898223,16.500808480445812,16.50698134657665,16.50756244526334,16.534651983712855,16.51478717974101
350,16.319299179675433,16.316623413714048,16.32861038910682,16.34888909804331,16.376977139962413,16.373851123473095
351,16.1508951564714,16.159310192541763,16.176480376959542,16.187811204523012,16.213471882349264,16.21873472291389
352,16.281818933933422,16.30054140460591,16.315504843727965,16.316925769643568,16.334560820461945,16.329382788325447
353,16.505620832669862,16.53363172107232,16.536758644611893,16.56127653623366,16.57650673378499,16.589810896588766
354,16.51946132430502,16.531393877006895,16.553788455447407,16.57200790148799,16.57290311645119,16.5829465769179
355,16.527288279201468,16.53703394758438,16.56349039440563,16.557101643331304,16.580363090511053,16.601354247065363
356,16.44248041680416,16.465035381962903,16.47969416693312,16.487332782660797,16.508348349290802,16.53026485238738
357,16.427450579773655,16.425769061468454,16.441294074213612,16.45806268164788,16.465087186362442,16.48209650301506
358,16.529622559681346,16.53283726962925,16.55584465952363,16.568448035277743,16.583357098627825,16.57191491772453
359,16.668748354487747,16.66870380211048,16.679400244898872,16.68184632114012,16.698293074949653,16.68233962870336
360,16.75526169740317,16.761354420072657,16.76417120733253,16.770363783102724,16.772259363430095,16.775041449416474
361,16.801527105515163,16.80855937497705,16.814827843388077,16.817814853780874,16.808021956709126,16.826049218281263
362,16.827019829027172,16.83622634575801,16.833317075432987,16.848152040658924,16.83471460064102,16.855025781314808
363,16.790222611226085,16.800980541639056,16.822602305005418,16.83120110282925,16.824584853664483,16.841607667579304
364,16.6465104106185,16.641861783516294,16.659911776985187,16.673552964279725,16.66657253173732,16.67965457491229
