winter_day,1.0,0.9,0.75,0.5,0.25,0.1,0.05,0.02,0.01,0.0,0.0
0,16.75538062861372,16.75705903311324,16.75383531784768,16.75319228183108,16.75201189177044,16.751018239907253,16.750959034572613,16.750874757405924,16.750874757405583,16.750874757405903,16.75087475740584
1,16.92221576453231,16.92263208150508,16.919774052260223,16.919756510464936,16.913924786414498,16.908680742037504,16.907483110387552,16.905449088600776,16.90414432227368,16.903845576586043,16.90384557658598
2,17.021743346441788,17.019362626452345,17.01693081139267,17.013630461048862,17.012663015067893,17.00909524241037,17.00908870311783,17.0094202753544,17.007514375900932,17.006020647461483,17.00602064746142
3,16.929319912121496,16.928911496372585,16.922958887290427,16.918773878781405,16.917969583616863,16.917336057778183,16.917026264835158,16.916906062611346,16.91690606261101,16.91690606261133,16.91690606261126
4,16.89013184889276,16.88566155854276,16.88496155085068,16.88377377006641,16.883995760763842,16.8820799233196,16.88082736835441,16.88034937469372,16.87957467804166,16.879574678041983,16.879574678041923
5,16.81721506801653,16.812883755849167,16.81163244028062,16.815750039555507,16.81497501068495,16.813371290503785,16.812226526660975,16.811771440098138,16.810696549593953,16.81069654959428,16.810696549594216
6,16.94975429618037,16.950913339194106,16.94814924243784,16.95414294405234,16.960300048385772,16.955393657430815,16.94937928159783,16.94924434890635,16.948382942592193,16.948222524806976,16.948222524806912
7,16.980239057079192,16.985051896254923,16.98495406905133,16.984627573263776,16.98922281454202,16.98357596308724,16.97919241558224,16.97724710011479,16.976233869333587,16.976012991411586,16.976012991411523
8,16.98727697329088,16.993269738780842,16.994856733982978,16.993755296496698,16.99818530345367,16.997057894026902,17.00128608301429,16.99815019641085,16.998100296867545,16.996135790162437,16.995976679228523
9,16.832737590528634,16.838553783505137,16.841161730795253,16.843548580719098,16.843117266656026,16.83810885719353,16.845361203862375,16.839213980748564,16.839758391370257,16.838467856918687,16.837248578368524
10,16.98327659030773,16.987918905329572,16.987671713165433,16.98882702903017,16.989299418475774,16.98931761830584,16.99552176693038,16.98600711627611,16.985984341950978,16.988019800537252,16.987568045707548
11,16.99793469050557,17.008678157436762,17.01029658794668,17.011891396585746,17.02290547851115,17.039871085664412,17.04986663253923,17.04197934325144,17.04397333573193,17.04948816733482,17.04791251229818
12,17.0028719789149,17.009793158879962,17.008138763527025,17.00651427385453,17.016862830034466,17.02286727024727,17.034803875129963,17.025218142622304,17.025900163784677,17.02781617521173,17.026209365314465
13,17.04163239657723,17.047564695331953,17.047230241148558,17.033938767066722,17.017181091887625,17.005688037110627,17.01275315858639,17.014408914303626,17.010715039427918,17.002497539786454,16.998231181868025
14,16.936459258425916,16.94362110527874,16.94007146929118,16.913558993642987,16.88354489516439,16.868346309418794,16.87147619429675,16.865794961686795,16.867306268323595,16.868977515055185,16.867472958779747
15,16.878305554488435,16.8854970103595,16.879517510090775,16.8602659668589,16.808757046930342,16.785977307487325,16.793046485795966,16.793435628486804,16.798792799305733,16.801438909376525,16.797902690454666
16,16.79082823761993,16.79721494783966,16.792542739019026,16.76912743047197,16.736886808764975,16.7266650608543,16.7356033357206,16.750407187469122,16.751805253024635,16.749393458304894,16.749620595980097
17,16.73476686522333,16.745306233640964,16.735979715714706,16.676347567306095,16.664924538972972,16.66088322656633,16.66624922936009,16.674376442406622,16.6770779382387,16.678042629992333,16.676673274126685
18,16.776277697251345,16.787336422664403,16.777857260882236,16.75572661531456,16.749142661897984,16.74786646148072,16.756022392024832,16.756866980404165,16.76209083833853,16.75538759457382,16.760149565648803
19,16.706894510571633,16.721865159033623,16.71761774180761,16.700991122115067,16.687770396500245,16.696175416873462,16.705873023077125,16.702390755960394,16.713294623687453,16.714156392893564,16.71369598905734
20,16.857299059159203,16.868596995141626,16.858167623974442,16.80038398469421,16.787265178026427,16.776042672887712,16.785152287831078,16.784326531312036,16.797872449138683,16.796171079427022,16.796229409616277
21,16.89252419694712,16.889652628957933,16.875729856352013,16.80078230607498,16.79134119094289,16.797870595149263,16.806922277349447,16.826698558871264,16.834715739445265,16.843727299974944,16.84727474405399
22,16.781848016513962,16.78175868687808,16.774480131318924,16.714887406892476,16.692286479540613,16.699586720351803,16.711520586391195,16.72497860095094,16.738503149468453,16.737720913971472,16.738813748345734
23,16.874401100971944,16.88599871029124,16.87175421073916,16.8029756078828,16.781910182707307,16.783874723439432,16.799993310161256,16.820313035319842,16.83775082353558,16.83944183714747,16.840190610384433
24,16.745825083487258,16.754074102408044,16.741633715059965,16.702722498201208,16.673258095809203,16.662660962038018,16.664771189576353,16.66301992703507,16.65215718240094,16.63428459121106,16.632426244838772
25,16.76800841625352,16.77308509718193,16.76864176267647,16.738458851158455,16.70582316944109,16.69243471872598,16.698055400551947,16.69791985826193,16.69975934968238,16.697867738120095,16.698600768977375
26,16.793359274338044,16.80108123725887,16.796322021130383,16.758637931852366,16.717695215406597,16.698897854052614,16.702624638072976,16.711558727333557,16.719567238804157,16.71418906725727,16.713252331462268
27,16.706537202039126,16.717206483730322,16.709319256427094,16.668827442313372,16.654549079189866,16.65789845566536,16.668452142401993,16.668681289393376,16.677671782194512,16.681984503709543,16.681362694819992
28,16.862264363357305,16.86997146886267,16.8676537376539,16.844165000920807,16.816221885442648,16.81923471472727,16.82993256935998,16.82751099532244,16.830931566036288,16.823354944296906,16.823459363717568
29,16.677046881359015,16.686633077944123,16.679237803271835,16.627814423962395,16.58631984647515,16.58412530843944,16.592265272831934,16.602453231187884,16.614499535611312,16.615525845969938,16.614994808400493
30,16.655769335947266,16.66144553626833,16.65418776039216,16.597946263703836,16.58525185410126,16.57447811774485,16.57703379551796,16.58778876278546,16.603146212940157,16.610791488489095,16.613928594030284
31,16.72336588046908,16.723990157512013,16.719755685033657,16.6708299476011,16.60898077207017,16.584023975979907,16.591534954886548,16.60755438455373,16.60855249343438,16.62227023815531,16.62060266885096
32,16.673420368260583,16.678972903202173,16.672952549815033,16.62367445399476,16.589743608235626,16.578308054535828,16.587382714412467,16.600035115819015,16.60228313195785,16.59927949022069,16.596072317615974
33,16.68724537513709,16.69006409239815,16.683856094620563,16.6198765604805,16.570708108495314,16.55728884012188,16.573336694747702,16.573238787348405,16.586916207991173,16.57509829773147,16.57695777015608
34,16.559400996912423,16.564663219979792,16.56230869641612,16.525952941096897,16.48510437107662,16.46074732130574,16.481002987057117,16.482957747670383,16.49391523712945,16.495619151650153,16.494458867860857
35,16.61332456679981,16.614404101352587,16.61037684679794,16.586726721271184,16.58239538308828,16.576647303946057,16.588859691610054,16.591363352790182,16.5925349122271,16.591493854246515,16.5897290359403
36,16.60611674890206,16.60524502877737,16.605311949166566,16.605589440107117,16.60598753079204,16.605938392324422,16.61143968863035,16.614297297295582,16.618518166050233,16.617646088382333,16.61526806374609
37,16.566002268359732,16.56554310174263,16.5659806362952,16.565895648922126,16.56724761514732,16.578926723535567,16.58975189194575,16.586169148261764,16.590905256094654,16.58584966582649,16.583123747355256
38,16.741979181241813,16.74255731790507,16.745259034616556,16.747815456808873,16.754861880719137,16.762937055261045,16.777500553276997,16.77336965601179,16.774277985998616,16.77280216447969,16.771765095483577
39,16.875912551857926,16.87591255185793,16.87686440312153,16.87698211564325,16.881200837298966,16.894020332726974,16.917510375692707,16.904177759293766,16.902165366789013,16.898907668582726,16.896532287845947
40,17.050212065734854,17.050621063226142,17.052307171918013,17.054187524021113,17.059075133359954,17.065796179158955,17.083462981653636,17.074950687320296,17.076070746235356,17.072718556228356,17.072195032779963
41,17.067383324046315,17.067485293938994,17.07026067482087,17.07425143482755,17.08035651528569,17.085918538775456,17.10335278197712,17.09758588529115,17.101283204532326,17.100631774689266,17.1006317746892
42,17.078722362960416,17.079243837576506,17.081066851589114,17.08480011653442,17.088077854605167,17.085726903915063,17.110113696102275,17.104448856044854,17.108758900106757,17.10504604234658,17.104908634188117
43,17.241249071020455,17.241504001429806,17.24214034758727,17.24463557479684,17.248499952067665,17.25085047508488,17.26782142932529,17.262952890696614,17.262347929517667,17.26078172317128,17.260256545054396
44,17.328498444672036,17.328498444672046,17.32894972463204,17.3314675489882,17.334937451992293,17.339418778792243,17.361673067738074,17.346699171233112,17.349487366122236,17.348534712627355,17.34747796810416
45,17.275115832995187,17.27528603056016,17.277519392171214,17.28333140201509,17.2919747606516,17.302661153184335,17.31443008043131,17.304923555464946,17.310200578400266,17.301313547129357,17.299919456621712
46,16.99100913291298,16.99387295966676,16.997371033849863,17.00282756139913,17.018797532348938,17.02021851051456,17.021889632823914,17.02393367147622,17.028324023705785,17.0292806109644,17.02731261579915
47,16.924939164733168,16.928241638856314,16.93198857939631,16.938081648768367,16.950271444161796,16.952785701525162,16.972648725523218,16.969558135523762,16.97432287929779,16.978632524078417,16.975457095666012
48,16.7289365456133,16.731664577968722,16.73423146033875,16.73873985152203,16.758119198173492,16.769501794798508,16.794474993239184,16.793268273720898,16.79728677590667,16.79430190468603,16.793279483109078
49,16.784191330232943,16.785282643557302,16.788323289604612,16.79442573970909,16.80891666033078,16.808173167398756,16.822282930518774,16.813931524170336,16.817896318228854,16.81699719012579,16.81598827872645
50,16.62100991168727,16.622474255091443,16.62528459964811,16.62982673445938,16.65232465765065,16.65925018616751,16.67780299375583,16.66960229166375,16.670278051285155,16.66714048138419,16.6646201713091
51,16.424034588466053,16.424447376720916,16.425835441507285,16.429385294307732,16.433441749707594,16.436803431070665,16.454105134754887,16.45187749798646,16.450674374788452,16.446582821330328,16.443377895968055
52,16.253741215516687,16.255576518769075,16.2553486576155,16.260149446243688,16.258801648813822,16.26731287503936,16.28656313733731,16.296113390315178,16.300758668176247,16.293280635311888,16.29100444772915
53,16.17266714246422,16.172638738474244,16.175657680941324,16.178255930365747,16.187933746850547,16.19705226542438,16.221603345356687,16.21749032424877,16.223651878680226,16.21607943060694,16.214691780932203
54,16.002406965887126,16.000788730629477,16.003092642590403,16.004289661340863,16.01968987480503,16.04163606793495,16.048367893810774,16.053909486818984,16.0518209502891,16.046853510561476,16.04639113107576
55,15.819585760071801,15.810581048162257,15.810891201730932,15.813054308689685,15.82230151408403,15.841370607000615,15.853631765663346,15.858331874350311,15.8668284682887,15.859137711836132,15.856989671472617
56,15.822592562427714,15.82021842908952,15.817952915675283,15.823464700385264,15.82783066796208,15.83752998110767,15.854946454508264,15.849796689664414,15.856218409407065,15.84324018587917,15.841786505181842
57,15.487572206927013,15.47769101425828,15.471290273776962,15.470494723223911,15.47648089977082,15.480785452448599,15.526200852789385,15.537386661743003,15.548568481104018,15.541325254645763,15.53713906400423
58,15.131499864545587,15.12158252226369,15.11807315324094,15.114580686424835,15.112493386328506,15.134414897695908,15.16646077402715,15.162754089048853,15.17787266331249,15.171056389293595,15.16724935629226
59,14.999765515381647,14.991257017823317,14.985088792076162,14.976963717386674,14.985114953792042,14.999625485996011,15.029317763625542,15.026134362089321,15.068284680363545,15.063341716140108,15.058216839997742
60,14.851753022070856,14.845614724676569,14.840458513222009,14.830042782825155,14.834660601861446,14.860647433901688,14.897288030054264,14.914661687679352,14.959290934352671,14.941051412127385,14.936454579110096
61,14.802357192092474,14.798221189806691,14.79527649267999,14.791772835596575,14.791999004797335,14.828340252258235,14.859566605012224,14.875371353139586,14.890973584980529,14.874416304583534,14.873608680461738
62,14.858501288411073,14.853669525238926,14.844895812539047,14.839685054495815,14.836205490112198,14.86965938804948,14.90141823231569,14.908088282921325,14.923044681797935,14.907810986654832,14.904337318643075
63,14.787687755440325,14.78029837409947,14.773368731417834,14.777240835898143,14.772520960882634,14.788013130456822,14.814742891799996,14.805139045803774,14.833722299623158,14.808237575098557,14.804597751708027
64,14.672190022797926,14.665817811485756,14.658780905063264,14.658717133526961,14.662785780396666,14.676876056887284,14.697171003929492,14.698798700211928,14.728037244372675,14.704143347383434,14.70245824308916
65,14.703672176019714,14.702560464915097,14.697691503961883,14.694685290897233,14.697140747095071,14.709428122603954,14.730396877177862,14.700509734269732,14.715265085017286,14.694456035947512,14.69186773899756
66,14.955861323793256,14.950110233420993,14.941425992284167,14.93911229589507,14.935014289769484,14.953351239381567,14.975403728160437,14.940081904550858,14.955180579797116,14.93734666030939,14.933514524000527
67,14.91401734651938,14.901930370278667,14.895389686934383,14.890629422747711,14.880771113287413,14.906997972793931,14.940231523253011,14.92614116365656,14.964634504560312,14.944337244027118,14.942558890565643
68,14.866990145016945,14.856187159042832,14.845710069169954,14.844917293120883,14.832435182520701,14.851801187144398,14.881299659869871,14.856460012188336,14.863899408506509,14.841733815415825,14.841732996110366
69,14.837563080969,14.828555595723872,14.826531574510192,14.828801544509064,14.81955973247377,14.833810350053454,14.867316395699921,14.866285820609162,14.886125580151516,14.855643585107508,14.852523074970385
70,14.782324743360219,14.772548085006619,14.769126002120139,14.770832192356723,14.754026143379875,14.77176620785343,14.800138368272053,14.799898959453657,14.82388914196636,14.796652135772653,14.790757083293784
71,14.716654152916204,14.704702825040576,14.6962417522157,14.697643268786782,14.692833638221055,14.717707200034361,14.758842412911491,14.757410532726832,14.793869868392285,14.76729793067067,14.762082250419526
72,15.082099110518644,15.07285414949858,15.066114356961585,15.058604325522296,15.056232917988204,15.069046692167632,15.105518753754655,15.110004274136692,15.128894211264786,15.113131155412137,15.10995023898343
73,15.236981070789366,15.232077230950445,15.229206979120827,15.235288712429266,15.231620753127348,15.241275508243968,15.260904459067618,15.274797467820825,15.276056320134344,15.273855061962957,15.27085512785722
74,15.421036808392898,15.415120387031179,15.4082011832961,15.417073049194308,15.413268053581715,15.415870335193793,15.432092788341839,15.443490796354753,15.440234544690531,15.432258966410103,15.428257781034148
75,15.715507722511816,15.70623285135995,15.690248583527595,15.676144229639988,15.671881097916163,15.675753579916716,15.695439059890493,15.680743994077748,15.683067771382277,15.66310834707122,15.660504390949002
76,15.802227481765057,15.794545335252536,15.784882223719912,15.757403627157998,15.75683309529661,15.758736480691352,15.77171655082766,15.75973555473161,15.756868322864747,15.749226681196902,15.746275858482651
77,16.18598952475563,16.173599080245555,16.146619390240797,16.075481958047217,16.060459098120713,16.061974594874577,16.078239640690153,16.068392714498977,16.058062051500766,16.04861206701345,16.046492502119303
78,16.386364569003142,16.379590259090097,16.360150344272522,16.274553331962018,16.261204138864752,16.268522045689288,16.274867381489255,16.287381637219852,16.267085224109536,16.24623908087062,16.240668525436387
79,16.31082296110027,16.30187030633112,16.280960276464622,16.21171766286606,16.209225392166843,16.203904788164394,16.216135728807206,16.21172932098155,16.197652079876722,16.180359561571546,16.171726164017144
80,16.380891292663705,16.370940631926334,16.350220622827813,16.281315180457973,16.27626122948247,16.2756177620361,16.28148635371079,16.266680952073912,16.258383232943974,16.248907138854996,16.236750358801803
81,16.676615233888025,16.66423949783647,16.63720981771531,16.58179553978011,16.576231157208028,16.56606560518016,16.57361946033795,16.553422902226536,16.56182159047423,16.546538860248152,16.537396862353887
82,16.70605580509578,16.687031445880017,16.654446934116784,16.587425542690553,16.582763880481153,16.576018397959945,16.587404829758857,16.556317605839965,16.551123606168463,16.526391774004665,16.5194252516226
83,17.000614198708544,16.980111804618424,16.944637270496276,16.83083560955513,16.821239675790338,16.828855299437382,16.842141246778798,16.808620759711832,16.79844991633968,16.767685662861204,16.761197442052335
84,17.38142118521804,17.367807953121297,17.318070913344407,17.21383827827605,17.2112616754111,17.20979124093789,17.223572554481585,17.187533736678766,17.171266163784495,17.13900434183192,17.132805109563975
85,17.131932727071696,17.121058018793807,17.087933953371117,17.026262564656367,17.019114857448443,17.01546127680559,17.02429255935565,16.991329378851432,16.97005716993314,16.93692780783835,16.924265918045457
86,16.98015219929322,16.97089659036284,16.95248581813502,16.905980788601486,16.897646747933745,16.90188065189203,16.90922379315592,16.886691550154744,16.873367000794296,16.84619825324429,16.834604118728606
87,17.038376059271037,17.024162243072265,16.97280433716673,16.88596273425235,16.87692257319504,16.86779420319576,16.87574665324274,16.85699689218123,16.85361682996004,16.813093449285326,16.80280082825484
88,17.259567454978097,17.244626963633426,17.19574688091702,17.10963957887897,17.101454267295498,17.087896325608035,17.097353998856853,17.08377296966853,17.07258266986317,17.036936257668586,17.029868956801298
89,17.230785687990647,17.218456418079803,17.18760214440494,17.119920838630506,17.116657164186087,17.107791809177876,17.131129183033927,17.106690282900978,17.109655484866366,17.074818815651902,17.06388377710357
90,17.16066427092898,17.14783180895651,17.11112291609368,17.044561834010427,17.039890858521495,17.040782740178397,17.052830670592137,17.01148275603369,16.99885434358616,16.96513024798779,16.956297601337223
91,17.20032282704848,17.182497855503954,17.146663973691943,17.07776490993244,17.08284623066612,17.083865293291396,17.084845336504266,17.046683086255324,17.044198271158805,16.99315397570262,16.983081025578066
92,17.13324611794269,17.115675534585424,17.083113325481868,16.980596725107894,16.980244614659984,16.98250648188236,16.991738336095494,16.958376913399917,16.964336711826483,16.929628397046706,16.920620627751177
93,17.062287065217934,17.05345643718844,17.029333968657483,16.941908771667276,16.93567936266714,16.94163368473888,16.959630764829104,16.92743793862329,16.912059800447246,16.887309845289817,16.884534211182633
94,17.335093634270407,17.312877602479006,17.27586207852313,17.187248585165648,17.18300681527146,17.19188943937543,17.199768679355834,17.16662466504239,17.16749759608443,17.14405664169477,17.135613526801926
95,17.266339900372472,17.247612386595428,17.21683915598164,17.160143081458525,17.15852814308483,17.156823460915888,17.16986225737195,17.131412481578273,17.14549940013217,17.12400471056989,17.112767549719344
96,17.54740883965264,17.532491599433268,17.509903250203415,17.445226352262093,17.445711108955088,17.462584497277632,17.466592063340894,17.414450908584374,17.4398605242617,17.40930159746363,17.401928412570122
97,17.88884597432208,17.876111056405197,17.862131707217113,17.837481747953223,17.845935080393495,17.836152561370092,17.8235637951154,17.766330425991192,17.76640549816638,17.733788102828758,17.72285305756299
98,18.155385001695873,18.15072815265946,18.138514455637093,18.131697690096455,18.142902051293373,18.14654461840184,18.154946510812344,18.120204142270566,18.119052554937397,18.106220429107747,18.10291033306997
99,18.664213891386655,18.660697241001014,18.652782269208238,18.64958591965944,18.66202645503368,18.665242950005897,18.681907279436228,18.666465328455743,18.669013511666687,18.651611445325955,18.65015956047857
100,18.686219089974326,18.682971690745674,18.66979992400099,18.6601697694481,18.674641926261664,18.670785285211263,18.686618408071567,18.66511848015135,18.680457109448305,18.659653464359543,18.65742264593292
101,19.275457401434693,19.274498207289195,19.267166243611154,19.266772529561734,19.27119838779564,19.27859728064387,19.291700471881967,19.265870030932053,19.275532724266984,19.26078817337071,19.25839288694829
102,19.610717570076716,19.610123200754177,19.60552724517811,19.605216456420457,19.607918586835613,19.615403671263742,19.628239612938263,19.613029795376843,19.613589678048513,19.60617889570791,19.604651107598002
103,20.001195351482906,20.000728075778984,20.00202364227989,19.98857948347225,19.97936057764421,19.985058698080774,19.98404549535875,19.968271196796096,19.969512669511918,19.95516557985162,19.954755839368435
104,20.06091636802088,20.05888646073173,20.05721618872803,20.060999806691832,20.071229792941157,20.05998808073063,20.052681039071977,20.041182571772456,20.041599808912643,20.033526060106556,20.033119445166545
105,20.29482113332848,20.289734691318277,20.28164391015759,20.283373941538144,20.300605013853684,20.30373251500719,20.307843982763675,20.286846652483774,20.28378895222428,20.271290425793453,20.271556404416454
106,20.754685521548335,20.755524962360703,20.75628683994261,20.7524618527853,20.755576138249335,20.756064370219196,20.761918399490703,20.75324405960231,20.746478501839967,20.727084930377778,20.72552262767612
107,20.595015641300026,20.5951667260443,20.599053923869807,20.587501555959395,20.59088844817097,20.606965233212488,20.609492280463325,20.59304769604796,20.595313971189523,20.582761887164224,20.58045246969728
108,20.726279149800945,20.730754190402156,20.73071643331373,20.72620043482415,20.740444076629693,20.747896048032544,20.759538435913495,20.724473914800956,20.73120513289983,20.70193239827866,20.698043620597744
109,20.70471254844232,20.708409822825345,20.706158405730534,20.70497647365135,20.70693167648885,20.74039551566432,20.76061756324067,20.741839216314027,20.744764960068736,20.723042211429846,20.720562818595077
110,20.66598438091653,20.661272114628776,20.65643056590951,20.641165223636765,20.63457323353973,20.643868157579114,20.65264537360077,20.646830572236222,20.654321193392565,20.628455414437674,20.629020137951184
111,21.169121375031782,21.165085403940328,21.16153545055178,21.1620615803396,21.157307687209673,21.164285173596767,21.166270022856622,21.163114965413282,21.164450631820035,21.147534396295736,21.14285316465733
112,20.911896184115825,20.91055274111462,20.902247735327663,20.90065149334766,20.90961556216589,20.902454292110633,20.885983757882002,20.858221066189046,20.848089284570783,20.8274015778874,20.821746415773795
113,21.098135463997696,21.094696792227886,21.084749158386057,21.07823497933426,21.08253164050694,21.076154070967146,21.058071897944302,21.051969139673087,21.0456701087266,21.02355029625961,21.021883313454047
114,21.347543491772768,21.349247520582665,21.351447996528996,21.354853034370045,21.345067292118745,21.342306282348193,21.34069966959067,21.322070720755026,21.31744754364921,21.301852380360593,21.297306567784037
115,21.390721856082404,21.39089870118531,21.38761728227593,21.39096526605779,21.397088616003327,21.407322030994674,21.39000668704679,21.359156893188842,21.355274691630132,21.326456314387073,21.32281596151411
116,21.47201639255743,21.46237513607477,21.459274523688002,21.44787167168621,21.445020704551442,21.451301042741616,21.42610669103519,21.423576882283193,21.42018515108664,21.396759468722895,21.39545229070922
117,21.628879616203765,21.625553825880406,21.62109207334124,21.617494936230077,21.617979595068082,21.61178891051628,21.60263874661389,21.591525752097123,21.596125496102584,21.577127128099164,21.573973314571305
118,21.832294531691637,21.831331287382046,21.829273371126227,21.822142731810054,21.822990727837965,21.83443560249878,21.83230831489357,21.820159483735686,21.819270364082882,21.80807917996824,21.805833139445987
119,22.027972549917475,22.027090561897158,22.020281362111543,22.000047442297546,22.006071695642905,22.008562595198644,21.99521885126738,21.956922849430743,21.96394584899727,21.943255717990255,21.93858006129568
120,21.90460625256871,21.90796656573239,21.90361142571746,21.895174491285857,21.89390511354409,21.884972110073832,21.861626430761877,21.82267271499052,21.818330154356133,21.794880354412225,21.787541075156767
121,22.28512311727871,22.286682313138773,22.28631222817791,22.27943368072413,22.288990879428926,22.281830399891252,22.26334015748376,22.180491088467896,22.173329251860405,22.151995431750034,22.147792529326882
122,21.93325595756594,21.9335294030803,21.933195677136176,21.928146822962994,21.930854875278392,21.933811830236998,21.895186632409846,21.857137844689746,21.85113567049084,21.83447123771107,21.83216254271671
123,21.764279406359307,21.762468695767836,21.764704996611577,21.767978542832022,21.76727769976476,21.745711343586315,21.72795404472495,21.669654710441733,21.67194923512632,21.647797358223727,21.64733255487706
124,21.963605262450322,21.95756867227346,21.95827087546624,21.962959551066767,21.96041771339597,21.90670526108714,21.899226032354623,21.85288004253116,21.83302553424498,21.80804176951274,21.80633782888279
125,22.017074549335355,22.010176025925677,22.011176876878828,22.000545707717013,22.007036047187956,21.98296215484589,21.98144099395812,21.920492374689864,21.908030126265576,21.877797190447872,21.87476834522794
126,21.519713850403022,21.52005133988293,21.51482597636219,21.50380748831541,21.494796914163476,21.474263227451164,21.472409363134933,21.45112851707575,21.44662256122678,21.428588703917434,21.426298318065765
127,21.469116132980407,21.471013368511805,21.46042256011537,21.441132365333548,21.418160637872212,21.375049015628534,21.361205756123383,21.344712579149302,21.339985533433296,21.32113568945188,21.317395489575407
128,21.51768326760118,21.518180430129814,21.509640963724348,21.497864009756054,21.471693285430934,21.436518942597605,21.43062323423199,21.414837301793337,21.406385550370903,21.389724669349715,21.384714812118183
129,21.852860519985306,21.852653431818496,21.848559402615884,21.836254674849535,21.800678917626186,21.76899444722264,21.747593044011577,21.7002155012769,21.688247048653615,21.676554752946696,21.67289734671547
130,21.84809517374195,21.84806598059059,21.851078131427045,21.826293574731388,21.803881159636155,21.733513192542382,21.721559809005065,21.650317413728395,21.64764262508474,21.639575466874614,21.643786690202802
131,21.663390810813063,21.66070905149008,21.661884268718737,21.645028479347665,21.598171357719732,21.557433822851394,21.544267072791754,21.47610740444626,21.465794197533395,21.444690524915387,21.445028782057715
132,21.78684160553758,21.781571033548545,21.767278430787186,21.744212707440973,21.70572513754213,21.657698993817995,21.632780301112113,21.547417973827827,21.553140522293802,21.54880271144834,21.552736114828313
133,21.73884585752035,21.737764126105404,21.738531129184565,21.71878904822754,21.64512941970615,21.596542764157597,21.57384870595704,21.50648400077079,21.51017296033054,21.486326369692776,21.488755222131104
134,21.65103381073764,21.646938720832857,21.641974604544867,21.63002336966536,21.6059430898823,21.559453656211968,21.546564162924177,21.451824023741818,21.450717381438118,21.433298043101882,21.44054547541903
135,22.056525913822142,22.05576370421727,22.046697910177453,22.02090509122952,21.97955765634177,21.93695781463023,21.90477071931517,21.82882741356138,21.826313876217654,21.817775316094977,21.81995481605792
136,22.44296283880195,22.444981094641832,22.4367228023172,22.420686462735663,22.36285762242412,22.287677779936974,22.24781904618546,22.18160931183649,22.17900922209039,22.17776032526237,22.181424184482808
137,21.987004826588862,21.982286519536398,21.98956670434146,21.96368946229448,21.914805010187195,21.884010465196308,21.838903565482635,21.754976910007674,21.751454934698746,21.739118137226825,21.74107977934132
138,21.586873182660316,21.582022436276176,21.58541241072033,21.554871155608332,21.50090412421322,21.442309079819907,21.42858867918527,21.38255453038454,21.37640154486296,21.37725980132042,21.377885499930535
139,21.635988845929834,21.62979684800509,21.619659325926307,21.600358339885886,21.53826400159582,21.472438128963468,21.451235415536587,21.393129038537303,21.397854407860834,21.39084252934913,21.388635832204805
140,21.707505003781208,21.709049708884983,21.703485991283912,21.691401450411963,21.641217244884476,21.588670499339912,21.538256938883087,21.438571888000084,21.44911769632951,21.43807498338143,21.440863369119658
141,21.753087069487847,21.743362772561703,21.73358718584489,21.689143678526932,21.624942836027692,21.557321178173407,21.53934688893962,21.437884045239933,21.443872502966638,21.416580637471196,21.41798207414162
142,22.178993857846578,22.172535635038912,22.165665956658994,22.122726343039545,22.077633134404866,22.003858055130976,21.96822459954038,21.895526974425522,21.892221701985985,21.86448248304247,21.861521688675666
143,22.779938133774014,22.773286090304055,22.76329981440542,22.707698141467255,22.62818145621613,22.5602029545658,22.512456944658954,22.44895990324156,22.42827191349872,22.406759683000416,22.405333431565897
144,23.056916388001095,23.05366422784044,23.031036382982865,22.97259665160201,22.864704172798287,22.793243413711387,22.747149156455162,22.69066043393575,22.680663381691325,22.67087832050476,22.66916840318067
145,23.181661204070213,23.17517397211489,23.147305238829517,23.11714195375946,23.016003076324985,22.9257483313148,22.886318083256207,22.83389274719699,22.818182002357865,22.80127482562201,22.801115290671035
146,23.61282264850465,23.608958376430216,23.58429086122276,23.59153855045825,23.509635763189078,23.433450057191894,23.39003924763204,23.293956804491533,23.290919702015938,23.257088955020656,23.260150542398897
147,24.20090771046236,24.193569209834703,24.151334936570564,24.055038198004205,23.96543796450092,23.859089742496792,23.82381451388994,23.7184840808824,23.712339772664734,23.663172740298684,23.67550794373379
148,23.98439425219237,23.970085724271772,23.955705683331168,23.924465096145422,23.810922489855276,23.7288418018878,23.684859851145124,23.602800633739015,23.595465633650658,23.536910220636678,23.54222254584869
149,24.306480394834466,24.285181550998246,24.24678244950126,24.27945193379941,24.161324388920107,24.045299474309687,23.986990278858876,23.92363059559678,23.921706180776233,23.865395106901435,23.865648977037228
150,24.708987222132794,24.7061316907597,24.65360575185336,24.627070051473623,24.586300582186954,24.470744272467993,24.431082169138005,24.36245621774194,24.33373997215351,24.272344932014736,24.276606894662535
151,24.987504311249904,24.950103561290128,24.91005063711828,24.852347443655,24.793163096343253,24.69318717741836,24.644627019685153,24.564775045100497,24.524696924856862,24.39537789900623,24.380573729272374
152,25.460320713100792,25.452375710318954,25.406248983730848,25.392456861943437,25.291476740380297,25.179188274029897,25.107994104583156,25.03748509586534,24.982781720149223,24.807090759340003,24.778717880255208
153,25.89904029096794,25.8880496289469,25.838947609296408,25.852031488870132,25.707317100076413,25.593822998079485,25.415606170233023,25.3345555434449,25.274386843166546,25.10017679109408,25.084481034028205
154,26.24987723114193,26.24778611497354,26.22428020084538,26.26257893906543,26.092398675482382,25.938905082283036,25.752981085614163,25.68629770206388,25.622790878409155,25.46301559573984,25.433221894903433
155,26.862786689706976,26.842305723608245,26.783914346454278,26.832963059210034,26.68138794094526,26.521992921373275,26.35170289123857,26.30157369412399,26.25440990033268,26.019329976670218,25.991035319089402
156,27.170699320052954,27.147258124641002,27.08208494994893,27.05443204979539,26.96493784976725,26.801878443748794,26.588966633779695,26.449764223537674,26.35255465394712,26.15314293422301,26.11327632610671
157,27.061652366953332,27.05680774163572,26.99041383375636,26.969274893906142,26.7987194915832,26.632676865882075,26.49673004027492,26.395769849957922,26.305247501233474,26.12200873857438,26.092815237818908
158,27.451645932380124,27.429367878835166,27.40977093891008,27.384356843459415,27.185350226946817,27.021520431881463,26.813218252823802,26.695493512683356,26.643159285837207,26.385960759448785,26.34449928565129
159,28.25820414468868,28.14239906154912,28.02626035682519,27.958107249570148,27.773550872254802,27.60041676706281,27.351522038889783,27.268399549234005,27.17664110346491,26.890413578715563,26.861821639196613
160,28.633483229103984,28.58218743146617,28.467707290370132,28.506774563062624,28.212743666100405,28.037509249182573,27.845227616713196,27.77505148106648,27.73891632942249,27.496969540336924,27.47713516271607
161,29.53360076267064,29.518248655142692,29.44654459833453,29.22061583810591,28.93944931019899,28.774079582435743,28.6132328737493,28.559768043097062,28.452735023937958,28.20783124410062,28.158411234130305
162,29.80723572431568,29.83564679277175,29.784516844275434,29.651339562470998,29.395433124264596,29.22032929911689,28.940916539684142,28.84693401719868,28.811901333684037,28.524201179862235,28.465830458317242
163,30.141270861493517,30.108516923462094,29.981801977301977,29.930289033074864,29.566832585255305,29.321530539698387,29.098508424292568,28.961730117518847,28.898901889301555,28.614312635261783,28.546648157732967
164,30.185469460193428,30.12225247908757,30.017421232362302,29.899769119881427,29.551743666721304,29.306325802122693,29.151386924186344,29.06747258641537,29.00068726415477,28.67278719304063,28.597657499988475
165,30.57707836225036,30.464298948956703,30.363474023540082,30.273366940413464,29.987389041522242,29.733282838101527,29.57412711129249,29.471815943258086,29.361519770286886,29.06790837588435,29.007325261736717
166,31.042531012227574,30.970939793122486,30.918081523515106,30.86545954329651,30.564394326331854,30.295887553361766,30.158086141475923,30.07567794949339,30.010439425790945,29.73704450722388,29.63631490848633
167,31.37363547468584,31.317660603613238,31.195315441253857,31.089076589777722,30.769535146441736,30.448056647700007,30.228732779881657,30.10364836219414,29.957149509758505,29.679357781031563,29.585459266062653
168,31.343017486295484,31.245258150726773,31.171243893735845,31.22738701177879,30.994086373797185,30.75574881866417,30.460777407373296,30.266107446908922,30.19106300330026,29.848268968510684,29.75770533161113
169,31.58780678564461,31.533572389425125,31.445357513369807,31.42057175941232,31.108435073298956,30.77668738607771,30.410873206060188,30.293703362349518,30.180822137876355,29.802743079927485,29.74671567448228
170,31.446445179332272,31.37656788518637,31.286977157707042,31.312539326109516,31.119475855963607,30.85814649680027,30.59224052968456,30.458945469809088,30.305672687904618,29.91939997028612,29.82841055836129
171,31.559532713965346,31.4576200623001,31.375288637711414,31.373962302796564,31.09210116421044,30.91703380432675,30.67097402428326,30.486676796095146,30.426654657165635,30.115305673669717,30.02285235826738
172,31.863383288096394,31.79346829391779,31.7504188012421,31.737235765005877,31.387258567290395,31.1140452988519,30.766428016666374,30.61692135832017,30.4370705717215,30.092005507635918,30.021906085226775
173,31.89183823954928,31.821088615127785,31.694696812320842,31.60389338518005,31.336609619851536,31.125904282053575,30.738011331535738,30.50500900897709,30.338026505332536,30.05620228193225,29.973425125996123
174,31.074429591204822,31.064304316714658,31.029553997645788,30.95717168132393,30.779046106288344,30.638466136941442,30.502243503798628,30.379394328912515,30.306438939576775,30.10880172182434,30.021067975543648
175,31.114442030861817,31.151229522377847,31.12464488295697,30.99649830708389,30.868127168419093,30.631570052208033,30.57268045731461,30.45738028968359,30.390957167742187,30.273720141212785,30.172309130066612
176,31.733569387525268,31.82461900628852,31.790112969619056,31.541778649927142,31.293825556283952,31.06147073204892,31.02939479266465,30.951638246756442,30.90025588867154,30.73837910737075,30.663556746723675
177,31.903657515960873,31.988332042375504,31.97833994330656,31.765568306728497,31.364542411151476,31.18484325680666,31.209951482226828,31.050537326613977,30.964464638701493,30.667907005031694,30.603107100789572
178,31.739807695212047,31.76392335489734,31.70432513207403,31.49404470522131,31.253190643313783,31.137469219076298,31.101817552084096,30.886505299633445,30.776034548013637,30.523645910133535,30.46028472127424
179,31.657549179945708,31.670864564850515,31.680536823424443,31.689290521766015,31.558139899178908,31.438176829957012,31.206974776269373,31.038027052997794,31.044255144210357,30.65157042054845,30.598351920597022
180,31.755451091158893,31.76565663863771,31.77256638442675,31.715609559558498,31.6102222752229,31.555919230065147,31.3326798311224,31.261147625586506,31.182330111875846,30.854020330869577,30.747418279218355
181,31.563034423812926,31.599645558152336,31.550819791892774,31.42136653248232,31.163347353677675,30.918479491920277,30.829711480620258,30.76999660062992,30.68961722577772,30.433486130773698,30.273943771110016
182,31.32571301029664,31.318658444355165,31.306235252423974,31.209000873905325,30.994113543627343,30.773115496522003,30.593519773265108,30.455862457482823,30.458718952150676,30.173160319411004,30.120943049551357
183,30.39826578083405,30.430793182627376,30.38749109402309,30.39067445326591,30.247164181085264,29.970399176424408,29.84457402213102,29.658298185341213,29.570170215402378,29.31378000794171,29.252851056796107
184,29.887039081539164,29.867053472391632,29.810126816617565,29.765751222788335,29.702540373677802,29.42148428099771,29.17572924132132,28.978082977292857,28.912719326378394,28.627554858151935,28.57896067861942
185,29.971676189235207,29.95249612875365,29.876808827439344,29.755783127724513,29.615244847126014,29.481369998773093,29.241171655078894,29.07131974143261,29.079590715431685,28.717726887739886,28.674435857444827
186,31.53690322607951,31.44738709951133,31.325906283623162,31.177506509365223,31.043946973983807,30.722277956482873,30.540996716785088,30.407760986572654,30.36641061465994,30.026493027707176,29.983483311648214
187,31.559197933468393,31.508658828715713,31.41659365230198,31.300534800138404,31.31231214755906,30.909440029105827,30.77219016769607,30.684975294242,30.607536098645273,30.40344138757224,30.375033769623684
188,31.981650323538272,31.9886117317191,31.982846819958457,31.92244239167044,31.93925179640154,31.484925087916377,31.213328920867337,31.05139086448096,30.97501709337904,30.70283228204147,30.653584280573973
189,32.33514779719433,32.363400552055765,32.34798836900541,32.24756640111463,32.232078776220845,31.7682156369553,31.428767807702496,31.288889608852667,31.260151564065996,30.959985266489962,30.861670305810268
190,32.221803869673955,32.167174476768714,32.1176786348635,32.0833305007332,32.071734837807604,31.61653140817611,31.256275212972344,31.091293614146363,31.03659125810991,30.772888703901653,30.7070316672374
191,31.98076531844846,31.955967038149506,31.942042268520122,31.840697827700236,31.72920453558783,31.277291454269122,30.920579919065393,30.853289216225665,30.760901277996258,30.4287754227725,30.40007911428277
192,32.437004852472214,32.41913314554675,32.3589215040321,32.18106306026381,32.12424791408945,31.589303785155213,31.283104154193662,31.17718627589043,31.112371540784697,30.754631214687944,30.679092373293027
193,32.69170566841821,32.63725464929006,32.54657776930237,32.264417243426905,32.14266536104466,31.638507012908164,31.395064258656205,31.282127637759324,31.17732851440435,30.758246108604297,30.659198628015822
194,32.85012761736723,32.765280493496896,32.66103360810596,32.368736135013776,32.284467823740535,31.804840352567588,31.55765215411388,31.414852819324807,31.345404104085056,30.93408159101572,30.861111319525605
195,33.39454886081858,33.313859110705515,33.21063561815227,32.97331368434098,32.852803334987634,32.195595719495046,31.881029544967554,31.706712216242288,31.51316706444434,31.060016876034858,30.968745729526667
196,33.4454412160308,33.428605643093476,33.35745982141695,33.22026249158138,33.008638479883416,32.45988319291456,32.05872310792128,31.86301570943179,31.78507777210402,31.32251647297522,31.254257968688936
197,33.9164734073413,33.92737892812341,33.87452074351241,33.73634663730713,33.51399338906618,32.84137952630095,32.38724580973606,32.121101861516024,32.07453101595244,31.453403915510897,31.372903994871905
198,34.145440251961425,34.090498196906914,34.08835516441231,33.90844265826992,33.809314335217785,32.78512645163479,32.581826032917455,32.27833176807935,32.389400498379594,31.901273904981444,31.780544780042618
199,34.353062343263325,34.260506699873616,34.21221386880494,34.03938773469653,34.001896523672045,33.298961514682674,33.200457456695304,32.92136023083894,32.796493947848276,32.1616853283607,32.046673826754294
200,33.81398635758561,33.79051653032743,33.70747715646659,33.63393444336197,33.79771717434069,32.889478042332286,32.657905261991104,32.3904536428543,32.23828989459602,31.620229220952766,31.50486115417096
201,34.25550810095125,34.22913539315248,34.125963146468095,34.070853711452386,33.9506169149558,33.27266553684203,32.924497208142604,32.66902846424452,32.461765545911305,31.644820625171715,31.46637015345112
202,34.0888809868718,34.02362604332457,33.96078105616863,33.84488539636748,33.7836716269564,33.484279066557214,33.12200977241406,32.96807192617656,32.73446083127939,31.851821308917103,31.62539412673886
203,33.46447254905007,33.41879445243456,33.40906042228676,33.311967841997706,33.538244559486515,33.10916226886952,32.64313782295494,32.50372681424286,32.37166790779063,31.6481512564507,31.419593242294315
204,34.19173872160393,34.1154958548187,34.10735310669564,34.10473537978248,34.224170135804435,33.63299317423087,33.14449253902416,32.88450171999201,32.798129352687006,32.09078091920345,31.93287265426718
205,35.29577823703353,35.21968274311625,35.24246718333728,35.15409033053208,35.180797209613665,34.35937490728597,34.0353748919185,33.83911909387173,33.60779180944733,32.75895005281716,32.536799490894936
206,35.42054600294094,35.31695788554042,35.38322605430808,35.349636813775035,35.715956718016756,35.162207113563234,34.76058926840892,34.50521386453927,34.282937051296635,33.19613693213499,32.863248348478805
207,35.5682251331931,35.5284713856628,35.62165810134884,35.64957709823397,35.855976290247625,35.328746255168305,34.81392590712291,34.652184498858425,34.27976503283906,33.21079474871943,32.99439346493461
208,36.39622071190868,36.35701268231304,36.40228849686859,36.21363607487595,36.408992599619936,35.819944861847134,35.26306564267881,35.090759875402,34.85826380096469,33.68887421151956,33.44195669143291
209,36.62093530952586,36.576347947045974,36.646254281825136,36.48890135654009,36.50793738321785,35.77269102786503,35.065299949574815,34.7777703425324,34.635764394811204,33.49833762911311,33.27611929629846
210,36.52531807601083,36.486115275221245,36.549914858747506,36.532339559993595,36.50875162755247,35.837930685527034,35.316459344771125,35.042369455681126,34.93197298085891,33.55308874326726,33.29489921266645
211,36.90028960589049,36.868251197916145,36.823005594659264,36.903711355561974,36.82552055082514,36.156095637560064,35.57677596797179,35.17555883927731,34.96168527235758,33.55848936708794,33.295345394174824
212,36.855861771370186,36.87482005097522,36.952441787223805,36.903985122286926,36.704768963413954,35.84771352002588,35.33325614197361,35.01472603024847,34.81863506782046,33.47114577857754,33.243044923127144
213,37.047963212410004,37.090178357619784,37.129471195793464,36.8661427924972,36.689533552736634,35.74328520173736,35.1091014111942,34.78847367472803,34.72627282191361,33.443769502369555,33.14521052047225
214,37.90471482979876,37.9501063606256,37.93838093653487,37.86676812000461,37.586466631050136,36.33617165581014,35.78645201045392,35.46132297128484,35.288038236047555,33.93544010022113,33.625431912609244
215,38.729687151109644,38.708215055976225,38.68750241853161,38.72877446279273,38.494929378544754,36.940338500753995,36.07259999965501,35.890004831484376,35.74897133963067,34.26986310091044,33.96877138300786
216,39.45057240625221,39.50289921023755,39.561302207678224,39.629131436434974,39.4534484516284,37.62484971922291,36.59602060877366,36.25993597785688,36.133279226392354,34.67321518611467,34.33530403908251
217,40.86263458110018,40.77606501998172,40.83493906294997,40.857433111767115,40.66389864512448,38.73347453268571,37.65764637088722,37.15738888803928,36.972987028231685,35.45132233465734,35.05755202982088
218,43.53742307316484,43.36890344863785,43.27747260216838,42.948793179433956,41.44624861696165,39.70566841530156,38.46655395230759,37.88099868048668,37.452086804352994,35.85484124280806,35.27115320956362
219,44.76831331305076,44.67509381904476,44.48918099228515,43.72048221736598,41.91964387231963,40.05822420488138,38.769400771655356,38.019296642959084,37.396749965120186,35.63608810662628,34.954966435248245
220,44.944858197759615,44.83109139813085,44.625935495712014,44.01164063721947,42.32519832611637,40.2707307982202,39.011781425562326,38.17566516229935,37.57547200157622,35.76437031270693,35.16782379671667
221,46.05945237682942,45.982306024771496,45.73035774170289,45.07599620556249,42.997299282697725,40.687591547239805,39.260168172820805,38.24925029256621,37.670725796970316,35.90179916465017,35.24927396583262
222,48.19834242321696,48.0203462263716,47.69232075200059,46.892058537935455,44.45275360630978,41.77005315459499,39.873294449506375,38.770157050394445,38.1558433490417,36.18999350352861,35.538310458848215
223,49.209887728720496,48.90085737355883,48.44764996980948,47.58972829457638,44.89660385312181,42.10982521767407,39.928098659413095,38.70475260615875,38.08767938382151,36.043252057606715,35.282925215819446
224,50.14328914964542,49.9687102512244,49.652992034358014,48.924282976989026,46.16186167638014,42.788141296326906,40.68289746444814,39.408379410547035,38.77164762263745,36.58331807517408,35.665772751016384
225,50.6614702748248,50.37365109944215,50.01668554183895,49.28231265261169,46.80642388564617,43.26891268993021,40.77032591763769,39.15016388695709,38.68613673485784,36.36069769304482,35.499420182486105
226,51.82132836564713,51.46706093908862,51.02788083446914,50.02741496083533,47.80463342054521,44.38481857992787,41.580065074427026,40.016785348733805,39.4076002681596,36.882441065353845,36.03069474613329
227,52.88026797923336,52.48028610674559,51.94571706870459,51.037641281986396,49.24481359425826,45.79936827673438,42.72241412426456,40.62217971700319,39.86669147734711,37.37825600647889,36.543080943079254
228,53.89419570128602,53.55277521004197,52.984794800657596,52.18059057507955,49.98791175918679,46.29361790533383,42.953663810819734,40.67502608945194,39.97181197038641,37.463534647122955,36.58126203664739
229,54.246069956539436,53.925254616684526,53.386150503324224,52.58695025570038,50.68436051656892,47.13309615935563,43.65126611281238,41.173239585461886,40.216423670418074,37.745481374027364,36.643409361600966
230,54.682831805640625,54.264531609878865,53.74587716539297,53.00391332312966,51.45601255376029,48.22205007835722,44.466464773662516,41.48569583716061,40.515030158418725,37.96913465536635,36.81584331627142
231,55.8591564661668,55.40588650650715,54.72774227295272,53.964725599016944,52.62857501724,49.671156649602054,45.88449644092388,42.60205251818603,41.3255483807717,38.75190691996441,37.55309162717051
232,55.9967827581381,55.5309757380532,54.89281072695016,54.27932236697897,52.8046447748514,49.97191132312128,46.5276720029776,43.18647463813075,41.671204728179774,38.89656676856009,37.52544300105555
233,56.66948407697759,56.28280755905658,55.60572137414339,54.961203054967676,53.285943309453096,50.26163129776577,46.54811007419645,42.81045074229252,41.26024998506244,38.31996473213013,37.07108131836417
234,57.48986722340874,56.99928343437381,56.33841110442404,55.57764514962389,53.90281957361181,51.016403390688836,47.47880546925033,43.87979968511185,42.062986325727664,38.822609085224705,37.599732096237034
235,57.553945605977496,57.06915476222726,56.43179254475377,55.539884664244035,53.95546717006744,50.90129051093449,47.39470055749167,44.12681156185187,42.43856023585134,39.12781945874959,37.85571279015156
236,57.4966204616089,57.0872309286853,56.48817841669412,55.40079157720842,53.88693487480628,51.11870397277576,47.53275182031282,43.93638418790928,42.33189513852994,38.99954453527197,37.864674917475035
237,57.72671719797898,57.313346808699315,56.79410946144752,55.92488786743178,54.45540392817414,51.979722817043594,48.30546738338412,44.518257016545576,42.74382636197082,39.28921271693433,38.01099656399421
238,58.36307242163783,57.86721438213447,57.30020410093021,56.56646896629383,55.279990471893576,52.727115995465624,49.40095711246758,45.57819172809683,43.374954586240676,39.850260449764214,38.46575764717796
239,59.10686545099784,58.59875589609491,57.99288787912733,57.451516511625336,56.248645545814895,53.91323682013584,50.82421891168843,46.878124667263656,44.53860203625655,40.87725617193093,39.32335729489296
240,60.87918844417761,60.37547553585086,59.61806993248912,58.82745643450865,57.148914905279085,54.925791201679,51.909777349827756,48.056254464679775,45.598878565591896,41.65021260239421,40.00470577413995
241,61.29021688214967,60.89054696591837,60.28842099913154,59.450721768212155,57.85780735079182,55.96192086516651,53.350206161902186,49.54350230131494,46.73392659611708,42.16434035431169,40.46309705261049
242,62.82574280385084,62.61470301102872,62.06682153835077,60.96116405467109,58.965618461859506,57.29072281093974,55.2104345649293,51.31980567010921,48.511035973682844,43.15693867435674,41.26936879736469
243,63.50036843420764,63.1711274021037,62.7736976002238,62.04138298871108,60.067720289178716,58.26683125910427,56.306342844767926,52.58169165028272,49.71155173977806,44.03114504080844,41.881253872325445
244,64.76628646505708,64.45090617601963,63.95248415320986,62.99330253207801,60.716497630219955,58.87742052485391,57.313289354802464,53.796891818745344,50.44483100097313,44.65612301430271,42.45173935751173
245,65.6893611670205,65.24423246153908,64.69040052710442,63.34689776986102,61.0496093889241,59.46156977656839,57.92276002217532,54.15693493220407,50.77951700198328,44.731733524375755,42.4011315632208
246,68.31961543885008,67.60943290619598,66.91159348624221,65.50665511163857,63.44884852672931,61.73935596040808,60.0883297160891,56.93706570833854,53.48398220344643,46.519496824402374,43.84029048342051
247,70.29347586663151,69.59140063473052,68.59294641964662,67.28294953773035,65.36094249443778,63.82478509610778,61.97447635190326,58.88547550983953,55.484548157089286,48.211869022159306,45.43439204395855
248,72.82492194932559,71.86608510330709,70.51073912718505,68.72663260582806,66.6459639449131,65.26990598808032,63.46154068065943,60.76309630993786,57.466407604477986,49.4853523579615,46.494925594802694
249,74.2194496712142,72.945564981616,71.44720272605142,69.21740398406573,66.9891464299182,65.5028155105009,63.66258235496221,60.533485597528795,57.0657206697436,49.3669862456747,46.371811295573586
250,78.28553740111816,76.87246805724915,74.40741725755441,71.04161697187924,68.84074968016124,67.368153850236,65.03425846360864,62.03834745524706,59.286482942881086,50.49621458232899,47.240065276303284
251,80.24390697815586,78.25345917654924,74.46935199446729,71.15126433778387,68.74913592916427,67.06381033090089,65.26378273480313,63.069884332436565,60.52748931784027,50.86639954924263,47.26312002565204
252,82.8880489446104,80.50173989028775,75.9762109651482,72.21259628597238,69.2134459002948,67.42735774872737,65.9659358865685,63.75469767548393,61.19682721862247,51.514343133661455,47.66481493565698
253,85.81705564077377,83.71957842369012,78.53238440660839,73.5011349708761,70.89379299070806,68.95581899041572,67.34033635541735,64.97517432101503,62.78387568573242,52.651057195218485,48.475858829651536
254,88.29358849501646,86.37519489846048,80.01576467317112,73.91125440562261,71.56931759527001,69.24267939944015,67.61562304781962,66.2518627452063,64.59957814491989,53.60134735972691,49.01721694367888
255,92.01975893371795,90.32766150156942,83.30019131245993,76.23411067677088,72.59227174719388,70.12340175832908,68.46064545088343,67.07187579130627,65.57925040258951,54.221546231044826,49.55458853134265
256,91.02541315923997,89.67343485601985,84.22161188477226,76.98693834955749,73.2089372689624,70.60696384248757,69.05553912083417,68.22043708405818,66.71048773881806,54.707566241343244,49.75445499332335
257,90.39279102712808,88.97105771423966,83.7977652805387,77.04954447990723,74.29348132709733,71.71015379162067,70.59971601214428,69.98489048130546,68.4936672138922,55.96423156556065,50.739962428001974
258,90.71955430206286,89.10525372046813,84.20844463784569,77.70313933472471,74.5912749656448,72.24265273275802,71.03118252200595,70.5728330246169,69.33274990449645,56.931846595799655,51.494681369321526
259,91.13328202562506,89.078859737853,84.66824663001076,77.30834666950544,74.24821171329555,72.04740527447562,70.82316074255574,70.33699569505124,69.0065324067958,56.865777330933994,51.391420233425336
260,92.48911805136889,89.88392349979293,85.02523082595192,78.41047195404562,75.75392563986443,72.77430398109948,72.05368963022221,71.6731329812082,70.19148825830739,58.15707124662892,52.610670501949826
261,89.14758007687048,87.43329330680325,82.6483793449242,76.1739336287352,73.7403340162786,71.20592345986101,70.82828558182686,70.75424847463304,69.07341139545002,56.866653489001585,50.87500459487663
262,87.32822039377791,85.34015362315668,81.26110314994534,75.97319350440446,73.2222969754578,70.95540299774254,70.276206929779,69.8267986115307,68.04625822971292,56.70763143786715,50.89957682070262
263,88.50265032323126,87.12788118077567,83.52511746727848,77.65328729247369,74.1642546643147,71.54092422949675,70.64417507298431,70.28160568561708,68.64857310081021,57.422983052472006,51.93608534214712
264,88.27969446407536,86.70422027426272,82.99906977401463,77.13374831637432,73.84182454797833,71.55217680651852,70.93587828189769,70.4021775620838,68.63928634390872,57.333839633290914,51.72972041344206
265,88.96887415577503,87.90771592475849,83.85346506882141,78.36740018204898,75.62420993289416,72.74989640081262,72.02302150018431,71.09678816487576,69.26996558459528,58.71640892795297,53.19690608066688
266,89.08310253404412,88.23588909037872,84.28078316405472,78.44587975979793,75.16105635137762,72.52466797086605,71.57378702275697,70.35675650227174,68.53664418194633,58.08346607734398,52.97796823364808
267,86.02733909176904,84.87446989187656,81.21495416470783,76.89321120157129,74.11695111703753,71.36654267968485,70.8195676029234,69.33594200918441,67.53696786092145,57.08939564137504,52.04074798603035
268,86.75348959217237,85.77260938320683,82.79861843816835,77.00941461932786,74.12543977236436,71.30612718130263,70.1809764024307,69.11990529984917,67.70735091008275,57.2404468547413,51.77325619860403
269,83.33591037460185,82.70024620902613,81.32033860164172,76.27236946362635,73.34153047249961,70.96534061079642,70.25369505824163,69.24827005926639,67.25180327014913,57.091881827881345,51.7024097433804
270,82.34915072333283,81.66231186703709,79.67344715954815,75.51173217851263,72.90492183492645,70.76195023674688,70.0824375337189,68.70683168516052,66.30595932715693,56.72614605129136,51.692596884906045
271,81.88425522365782,81.31694510274731,79.67528588167127,76.28013975086282,73.13795684006892,70.7642778246462,70.35539346574333,68.58206956834273,66.0110938312697,56.346223876061245,51.19313775678682
272,81.85324213014324,81.23724582486692,79.6314409371329,76.43755206739266,73.0912710195063,70.56889885016567,70.29300728213438,69.05984499609323,66.5070959986219,56.488317413283376,51.09216512645819
273,82.28866555474322,81.6525302015723,79.9944327372564,76.91520195254704,73.89424826815086,71.09950305265356,70.30341633046832,68.61769469868439,66.23532335380109,56.77680864389018,51.74006496476633
274,81.16847468861516,80.5379033844097,79.36097287932859,76.41171611329683,73.39562034059726,70.84251438858115,69.9270908202285,68.0836533364677,65.49412251498008,56.55699810319924,51.67354655328756
275,80.17940561271905,79.4392381497995,78.4223684904946,75.05721658276462,72.76024225952577,70.16789464805973,69.50871400703058,67.61709396802449,64.96657639594824,56.4318580119651,51.55697940528159
276,78.92798430382861,78.27217055644752,77.49018014670916,74.43178797952838,72.02638119741074,70.17872000462752,69.3758125444957,67.36646490235455,64.34885977409895,56.00050278912568,51.38150343482113
277,77.21456592614945,76.41312070780546,75.39561854397343,73.10531733352482,71.20984329914309,69.05345803648474,68.1072929713885,65.4052015131859,62.52320954835841,55.20342970690235,50.84758841035952
278,75.73261144109742,75.12434757334789,74.01006151017577,72.07790830326798,70.11170551514594,68.05179122093732,67.20835831752197,64.59064672124946,61.75610957879438,54.74209547187705,50.44676512441235
279,76.05312893510823,75.22228305276765,73.87091544088335,72.3147226924618,70.15961525266246,68.44831848087098,67.08444337748685,64.02236797563971,60.8856059637321,54.092313265536575,50.16576273814663
280,75.3041949628031,74.64731724278434,73.37002613268623,71.90606481498334,69.95952168153588,67.64576507620271,66.38222694514599,63.18545184890277,59.83354901839068,53.479403710510496,49.80764112821442
281,74.89181737293369,74.19876343719521,73.0073995041939,71.57499000818882,69.79753769443295,67.62422848259023,65.97487431378278,62.26134334556056,59.53900906068084,53.23023043986895,49.87551896660412
282,74.2861554741556,73.49848207343305,72.27003534842942,71.08489753912272,69.44314943879567,67.2163863890739,65.33946843769164,61.28267184419042,58.55209396489263,52.48117903378677,49.26105920267767
283,74.94892254726312,73.94006069643042,72.37584451524894,71.1319620110162,69.42445078579249,66.8072816245475,64.93577569998598,60.85207035485376,58.386250089322665,52.35599293566431,49.05118610455459
284,72.72176227305057,71.96556566429194,70.71476253416557,69.44324461650245,67.22136987887366,64.78222601456665,62.73355081347963,58.787213922398465,55.78952188222822,50.12430026694786,47.18689556641242
285,71.52064747390315,70.65378391404798,69.2807747150748,67.8405242870939,65.70349031518299,62.56446535328881,60.452182456634596,56.68241300946063,53.83688669753422,47.62340341977758,45.1450963295808
286,69.69171566370116,68.85445525800034,67.53450303054854,66.15405118127487,64.40921532856404,60.990761135271626,59.25359747567506,55.50348268596792,52.224573804568216,45.886273802132706,43.239033149508245
287,69.15334024556437,68.11096791489649,66.6156249960305,65.0285925034989,63.128863546397795,59.989051693038085,57.72081885722964,53.3410244388723,50.4730314993453,44.53741085428066,42.36456768272859
288,69.51748543917218,68.13009702649808,66.81784823414274,65.1916461758813,62.58552205420691,58.73708901478044,56.6580741408218,52.5909227758595,49.68673017166349,43.84339663181114,41.34675665102925
289,69.89499679167623,68.41810447434914,66.80739304806892,65.2172134389737,61.91735299307973,58.94563244470766,56.8398876201908,52.81201072481433,49.19731811806439,43.063992485997936,40.50749883097415
290,67.6525003617437,66.22765511549774,64.70170237636798,62.77508619275797,59.64626061750803,56.687821928893975,54.400872885239885,50.08914104095245,46.71228994127871,40.04593523972686,37.86185642107158
291,65.70720258264527,64.61312965249896,63.32546851690756,61.42717064273034,57.90680949552786,54.45820910102628,52.0643897446145,47.68517502722762,44.69218215106786,38.32527274585479,36.22246432702097
292,63.933038818101714,62.65613561941402,61.68463906215371,60.35147938461151,56.42637111001836,52.640772270210086,50.20043747608549,45.89813718975057,42.761787021825086,36.2458090613477,34.03153688352809
293,62.589173511415936,61.211147980953406,60.255841429725926,59.10595267849887,55.69735866980712,51.923235734852305,49.07891375276427,44.4320311153549,41.61175885373104,35.574529294381975,33.69101195707503
294,60.7009807810343,59.55297638708919,58.79738755269305,57.21638613556411,53.864206676510975,49.902513114969224,47.036532388888986,42.63936917283635,40.127761754807125,34.53398856538338,32.76087489339989
295,59.089362364966,58.101384656844395,57.381661480819005,55.947852729354814,52.58415694208377,48.46353625528835,45.65257434940941,41.28054446976628,39.0020778098388,33.607068243491575,31.92765262508633
296,58.366831776185066,57.46158107288119,56.59524386018471,55.323918220481026,52.30929406304783,48.33604707820473,45.30079431885973,40.969778836037676,38.78924022045443,33.970310390844276,32.56058992708671
297,56.295501122850716,55.59559491211778,54.72427693455072,53.648801388148954,51.037846841421995,46.552618656781604,43.707418705335975,39.5405147306006,37.58527886621735,33.28957245923841,31.99312341081481
298,57.026169515025465,56.03309966782453,55.01007685764598,53.9342295628997,51.012725674642894,46.83839970805212,43.909258717165955,39.81571902982277,37.61304408067284,33.519117183518205,32.03352717956561
299,55.56692640455378,54.5953043173422,53.8904224405037,52.712174651370816,49.57076993742692,45.19660059569928,42.73835812553166,38.44083149456688,36.433007542963374,32.56898596450083,31.197930793757962
300,53.05847710833612,52.50886159282085,51.75732029757384,50.170690873929075,47.360745420374826,42.873435148973016,40.346376731421074,36.17627589192551,34.45027632157909,31.32609654720995,30.33520012689362
301,51.86481763018581,51.34194932050648,50.65573359979502,49.1576101535555,45.98243614741296,41.12568892178946,38.686965622517626,34.548726667740205,32.92866457771088,30.22636397771024,29.392940688648814
302,50.94627987582764,50.360056446655925,49.59934555995191,48.07126546898257,45.05197413878499,40.26668497936114,37.539564181620314,33.89731229556186,32.66934405568178,30.120897200642244,29.30718553830181
303,50.29602458729497,49.81845505657618,49.16785147777041,47.75455670405934,44.78475519045004,40.059645813703256,37.421167309149446,33.74967773790964,32.20182426849199,29.533286613078193,28.662707524466786
304,48.0593081613628,47.647326130882604,47.063691581850776,45.738355580548536,42.83393136910138,38.593414855537326,36.15180138290917,32.50238773625334,31.16187968991403,28.841054859362455,28.217700198865707
305,47.36056711123583,46.988856848974514,46.418450410791245,45.044841442991874,42.14493921433807,38.122258772403576,36.06184149309072,32.66392744057786,31.402979750086274,29.32045917974588,28.504199614883078
306,47.5129244665517,47.22032174695876,46.635335381666174,45.23969384999798,42.417468630754776,38.79349659863529,36.65219869866238,33.37372142058856,32.19455136757767,30.14178225110229,29.183851703926134
307,47.573853268570666,47.246973002537565,46.57515541381304,45.07098473722517,42.45103375800307,38.32431428969289,36.13091921006468,33.00516743714878,31.711569415895777,29.517376648169744,28.60620509655537
308,45.37921410261198,45.0880313438298,44.40675265662943,43.241949392526614,40.7287935541436,36.93807936196829,35.07721876793189,32.529919276583584,31.32983028497492,29.640625545704477,28.872156739312665
309,44.32264597815828,44.051641539989255,43.040651507732186,41.773353045497856,38.94404144545402,35.51613436518189,33.90583407628691,31.79626040719885,30.732021340944545,29.251313215518817,28.647134246421032
310,43.221720125217715,42.98766607216542,42.22066496604545,41.09482981416373,38.38836448057789,34.831572121970424,32.97533635389517,30.98361659770074,30.176589512831217,28.540072137402777,27.812876115365608
311,40.49107936081569,40.25068103372328,39.359355993848496,38.19957394522773,36.12083028019304,33.38315055780504,31.920903631727484,30.137137954662684,29.55996854940587,28.05746910994443,27.3163349776195
312,38.6875784118125,38.50107171240097,37.94903283067544,36.85261662265662,34.78171875790231,32.51505466559465,31.17961353526455,29.62813725716904,28.99892257794482,27.56112037242558,26.934052645023154
313,37.25035615404368,37.05773038506138,36.46672819733884,35.47605512846058,33.606379283345284,31.34335012307293,30.19148614973702,28.702757491756596,28.023427326425985,27.085478101926537,26.626898327828197
314,36.45316774747091,36.21096295745992,35.53643125817157,34.38534464827512,32.40720803195137,30.46336484517522,29.45764413689834,28.098467927396943,27.540349750362022,26.70964107878537,26.18646368143354
315,34.87580377980776,34.67764550177542,33.95810385654897,33.12404707006102,31.423923042790047,29.60317201450094,28.56813488722539,27.664693805899105,27.249920107530457,26.60373362372895,26.115403544654242
316,33.78459835754803,33.54314242915072,32.80044906656276,31.77261859320778,30.35428498689327,28.769038176846585,27.899753991732545,27.049514138361157,26.684396352188482,25.972352856908547,25.679711746347568
317,32.144041338137235,31.937305031329775,31.49845106040788,30.778797224604713,29.52261273165788,28.237055406442806,27.49390229119384,26.730291823041128,26.345163590318926,25.867905002834558,25.659373469624285
318,31.810493881873846,31.588851176305916,31.233498273988662,30.336929554324506,29.300758354843804,28.349097823435958,27.658080314899085,26.804596065279465,26.468066463502872,25.894540327254543,25.749998163661854
319,30.77275370946394,30.576192314900354,30.18246583791328,29.429031117265804,28.454005373843874,27.565030445234726,26.994965862261022,26.181221826667272,25.974783823311753,25.63652908408156,25.47595879187847
320,29.17699563059488,29.04725539130822,28.706721462910192,28.113899222104703,27.306029066127575,26.550927223316105,26.067073255776798,25.355336062565318,25.16708798742557,24.843914086195305,24.73575120953084
321,28.577566328917925,28.466485445125496,28.116692912576482,27.565910256841715,26.917561131956937,26.22905067505534,25.704972306920506,25.130389483046613,24.924842207654816,24.49778984807065,24.37611618561794
322,27.851379373260887,27.732180371057556,27.354881139899874,26.78394366386554,26.141444725194408,25.662520339217465,25.22886238457996,24.634746729657653,24.476276215271174,24.09702628661901,24.070763091586187
323,27.1442475666479,27.094339214377143,26.7492030367679,26.268697119601292,25.750450871791376,25.36042849380926,24.84151968222686,24.28164812789506,24.04337067545099,23.752191028796155,23.634548897647598
324,26.0566595479308,25.996570521371392,25.755200076859623,25.47302276458096,24.981047240806696,24.591495314182424,24.25361500422859,23.82111691637867,23.64516333149218,23.39944859865482,23.422916511393744
325,25.07844982001942,24.982894432951284,24.841207501521637,24.67978678040111,24.330056858014473,24.030733251810407,23.671056534755074,23.24625178738109,23.118205371246365,22.885541074180246,22.927347802880227
326,23.8584563593619,23.85818737937028,23.791148468623124,23.699816656983057,23.410820414652278,23.125120322045902,22.87558912548487,22.640338071620963,22.49760748000853,22.207402877471054,22.239728707197756
327,23.34424423369711,23.360462443529784,23.309273255702745,23.242100320124127,22.948797544076914,22.714916797268003,22.515729017437877,22.32959662383543,22.251679100032987,22.06334883829297,22.07294492608111
328,22.694020067323443,22.72445011850008,22.70380294869542,22.63196746917824,22.43270344515241,22.332971970508968,22.12977510266739,22.004516756533594,21.966922936207904,21.89380575104868,21.887234366618696
329,21.897171336339408,21.910655549394484,21.883691412291952,21.850736441785642,21.606792963704983,21.565216586046173,21.472578259596542,21.454169166003624,21.451173927875605,21.392541342307382,21.389652333211423
330,21.527258867246275,21.53710582468563,21.51230040828249,21.493924276386487,21.37324208642184,21.37464892836585,21.32742247644702,21.30848820057004,21.28160918475908,21.170703949010345,21.175906151975916
331,21.154434702958213,21.168244359323275,21.12577518425637,21.13839890699328,21.04468863663019,21.07751422183717,21.053194636398988,21.02948167618994,21.010445710503618,20.92426545614763,20.944897557539335
332,20.8142588661311,20.830044778006318,20.837170808291766,20.859410522860852,20.794206844277863,20.832313066815814,20.83007992564063,20.76744424844939,20.723990829048454,20.57005990785763,20.63298630354524
333,20.452920785326587,20.469419223348776,20.47358680401508,20.51837091944511,20.582373118301458,20.62221561434236,20.620272468086764,20.595387319701555,20.591302426204155,20.44525383494302,20.497689684294517
334,20.072573950035803,20.08835936456967,20.091615706438287,20.154731913943646,20.187583875905354,20.221238439005784,20.194228096518543,20.15750851512385,20.169215722320583,20.009075413459616,20.022867365326178
335,19.89311334366807,19.90873000070732,19.914730521015066,19.95739264828972,19.987492790777708,19.95211766607705,19.931783797491086,19.90457506768666,19.89407413003437,19.825934312574354,19.830986509939045
336,19.560970190799356,19.575412590962834,19.60175713054727,19.664328525914637,19.759551992283743,19.74131508548247,19.67534897205993,19.638478694820762,19.62808801897091,19.355089368548832,19.42136150257123
337,19.22040511179366,19.232753155791332,19.251008245115038,19.30211292209262,19.3603327906579,19.324327063498412,19.263922767650563,19.219881208560103,19.212421757235127,18.971081740629373,19.051340840530024
338,18.709641190698292,18.714016319491492,18.726753027839372,18.76275789910496,18.79919514935682,18.74267889616206,18.716505561665414,18.662242777411457,18.662919153202246,18.528676315266537,18.555368377049064
339,18.18821438891881,18.185573550232125,18.194140188286173,18.2186653218141,18.288804705155698,18.24256399925313,18.213971672135504,18.18098514885172,18.18515229456388,18.06344211605901,18.082845341235387
340,17.996094332751593,17.990774273083204,17.979256211361033,17.96683086361871,17.986817972231876,17.956963445648192,17.878144102836103,17.824243479334925,17.79976641364661,17.599455107041944,17.63264163583584
341,17.714640567464954,17.706594166808504,17.706006093690437,17.695431562693194,17.700591062679656,17.66558083995578,17.62021455966483,17.54210896838841,17.546745622200582,17.378346482781808,17.405562824389143
342,17.620278036939208,17.608583457784608,17.600090880842124,17.610590645599355,17.667021807796168,17.636949090694046,17.596873948850465,17.518405186590183,17.510434869360285,17.395572024722036,17.41565187432239
343,17.1589416255403,17.148338377084496,17.136119146204138,17.11771404098417,17.14525896419695,17.104584615398966,17.04488227358087,17.022728494954922,17.016995249665978,16.931142921506577,16.95470009813752
344,17.13426846608332,17.117719797926426,17.08488663561354,17.067404667012347,17.09984886105755,17.065063327476334,17.020748438970397,16.981838276322623,16.987282015419453,16.951042914005196,16.948432649006236
345,16.961874950041192,16.94184442733858,16.917548218264606,16.905351321107062,16.946398467951845,16.91869364797649,16.87183351249604,16.829714160987272,16.825941454874865,16.794476884566862,16.782234002272876
346,16.84089436386136,16.81953888546844,16.800076017281235,16.759274784358453,16.763591113309616,16.723323166914142,16.670753621626275,16.608829962912466,16.604794434332383,16.58134870202749,16.57613783622451
347,16.908452446167697,16.88904811789922,16.881849262178168,16.85308416117768,16.842039897123385,16.767332974627582,16.68979024842726,16.625235300031832,16.61948979990773,16.58355846413049,16.57176174769885
348,16.840438854474744,16.819046215816062,16.791180828135005,16.750328040958216,16.726730566060304,16.68380212210076,16.65185944245853,16.595849221852013,16.575871425037327,16.554063394027203,16.54955063428261
349,16.32268561425434,16.316444431123273,16.29534697586122,16.263478613150333,16.23677798935619,16.225800073187003,16.205963436419992,16.154913929503,16.155428619834417,16.143181316275566,16.140092242325316
350,16.25749892770036,16.242271967090335,16.22104638693733,16.17989879648619,16.166799192939294,16.178270274290256,16.18187707079883,16.12320016299055,16.117555859167457,16.10672603518951,16.103346257436787
351,16.17869211544763,16.174711203719305,16.159745701602255,16.12936348494066,16.124028858286543,16.14034608219728,16.144569577189923,16.11108490805013,16.111177023070532,16.102427402827765,16.101705025441518
352,16.38250859279587,16.37940241603925,16.358057175468243,16.334782744021528,16.315958014147373,16.31480249189857,16.319984716770495,16.285837513870515,16.29185758157334,16.28310005990989,16.280255420233015
353,16.340172581984717,16.334870657908798,16.32042504777533,16.299274231241416,16.288905399050712,16.282981982698562,16.291464513707112,16.285909183874004,16.28962576131613,16.28421020035361,16.283714685307253
354,16.44839792151546,16.44196697816767,16.434922639276255,16.41466309505017,16.400494570233857,16.388501110093774,16.387042686231997,16.38019402241059,16.37666611797675,16.373498413634156,16.373162171281248
355,16.427919991005652,16.42243034302844,16.418283953583487,16.398441423157482,16.368403681119148,16.359408551199046,16.355638405654158,16.349585372922213,16.34760906263251,16.34623873527148,16.346238735271417
356,16.51428076695819,16.508433908004925,16.502129784825286,16.500287833436783,16.48891219900772,16.471273777984038,16.467489684069538,16.466398980839568,16.464828879606355,16.46295445585825,16.46295445585818
357,16.44628951019099,16.440209769217415,16.430800161002843,16.415722087203388,16.408502622430603,16.39104357101844,16.390078470430353,16.3873862857914,16.38282039229761,16.38282039229793,16.382820392297866
358,16.755165566580647,16.751751962627473,16.74607564212595,16.735256597021113,16.72568266113523,16.712263117199473,16.71041371953165,16.707753221650115,16.70295503979785,16.700927316273866,16.700927316273802
359,16.717276225718912,16.716139603106285,16.713734949851553,16.702300448966003,16.699556820803927,16.69191651892519,16.68937120030328,16.68583508824837,16.682557056624784,16.681499113916775,16.681499113916704
360,16.558972347880466,16.555808000756908,16.55161646335257,16.54683272656309,16.540908693467603,16.536236961451042,16.531701561192552,16.530318486482688,16.529733448270527,16.529645286378486,16.52964528637842
361,16.35865216598149,16.359313560438597,16.358060244038743,16.352330855061748,16.34512519280405,16.344645648482153,16.343920515503935,16.342081435604065,16.33996509934372,16.33996509934404,16.339965099343967
362,16.551409037922955,16.551366473374102,16.551483951576998,16.547651651228847,16.54534299640353,16.544445454829898,16.544424619798754,16.54294339815705,16.542796259241435,16.54279625924176,16.54279625924169
363,16.557981401978857,16.55785072681665,16.557850726816767,16.556029465687324,16.554677343319646,16.5544491857479,16.554704819630757,16.554704819630977,16.55396912505428,16.553969125054603,16.553969125054536
364,16.38726006866019,16.38750391463106,16.384353256940624,16.381342823326904,16.379893955346468,16.38062252924564,16.38050256103482,16.38050256103504,16.380502561034703,16.380502561035023,16.38050256103496
