winter_day,1,0.9,0.75,0.5,0.25,0.1,0.05,0.02,0.01,0.001,0.0001
0,16.75538063,16.75705903,16.75383532,16.75319228,16.75201189,16.75101824,16.75095903,16.75087476,16.75087476,16.75087476,16.75087476
1,16.92221576,16.92263208,16.91977405,16.91975651,16.91392479,16.90868074,16.90748311,16.90544909,16.90414432,16.90384558,16.90384558
2,17.02174335,17.01936263,17.01693081,17.01363046,17.01266302,17.00909524,17.0090887,17.00942028,17.00751438,17.00602065,17.00602065
3,16.92931991,16.9289115,16.92295889,16.91877388,16.91796958,16.91733606,16.91702626,16.91690606,16.91690606,16.91690606,16.91690606
4,16.89013185,16.88566156,16.88496155,16.88377377,16.88399576,16.88207992,16.88082737,16.88034937,16.87957468,16.87957468,16.87957468
5,16.81721507,16.81288376,16.81163244,16.81575004,16.81497501,16.81337129,16.81222653,16.81177144,16.81069655,16.81069655,16.81069655
6,16.9497543,16.95091334,16.94814924,16.95414294,16.96030005,16.95539366,16.94937928,16.94924435,16.94838294,16.94822252,16.94822252
7,16.98023906,16.9850519,16.98495407,16.98462757,16.98922281,16.98357596,16.97919242,16.9772471,16.97623387,16.97601299,16.97601299
8,16.98727697,16.99326974,16.99485673,16.9937553,16.9981853,16.99705789,17.00128608,16.9981502,16.9981003,16.99613579,16.99597668
9,16.83273759,16.83855378,16.84116173,16.84354858,16.84311727,16.83810886,16.8453612,16.83921398,16.83975839,16.83846786,16.83724858
10,16.98327659,16.98791891,16.98767171,16.98882703,16.98929942,16.98931762,16.99552177,16.98600712,16.98598434,16.9880198,16.98756805
11,16.99793469,17.00867816,17.01029659,17.0118914,17.02290548,17.03987109,17.04986663,17.04197934,17.04397334,17.04948817,17.04791251
12,17.00287198,17.00979316,17.00813876,17.00651427,17.01686283,17.02286727,17.03480388,17.02521814,17.02590016,17.02781618,17.02620937
13,17.0416324,17.0475647,17.04723024,17.03393877,17.01718109,17.00568804,17.01275316,17.01440891,17.01071504,17.00249754,16.99823118
14,16.93645926,16.94362111,16.94007147,16.91355899,16.8835449,16.86834631,16.87147619,16.86579496,16.86730627,16.86897752,16.86747296
15,16.87830555,16.88549701,16.87951751,16.86026597,16.80875705,16.78597731,16.79304649,16.79343563,16.7987928,16.80143891,16.79790269
16,16.79082824,16.79721495,16.79254274,16.76912743,16.73688681,16.72666506,16.73560334,16.75040719,16.75180525,16.74939346,16.7496206
17,16.73476687,16.74530623,16.73597972,16.67634757,16.66492454,16.66088323,16.66624923,16.67437644,16.67707794,16.67804263,16.67667327
18,16.7762777,16.78733642,16.77785726,16.75572662,16.74914266,16.74786646,16.75602239,16.75686698,16.76209084,16.75538759,16.76014957
19,16.70689451,16.72186516,16.71761774,16.70099112,16.6877704,16.69617542,16.70587302,16.70239076,16.71329462,16.71415639,16.71369599
20,16.85729906,16.868597,16.85816762,16.80038398,16.78726518,16.77604267,16.78515229,16.78432653,16.79787245,16.79617108,16.79622941
21,16.8925242,16.88965263,16.87572986,16.80078231,16.79134119,16.7978706,16.80692228,16.82669856,16.83471574,16.8437273,16.84727474
22,16.78184802,16.78175869,16.77448013,16.71488741,16.69228648,16.69958672,16.71152059,16.7249786,16.73850315,16.73772091,16.73881375
23,16.8744011,16.88599871,16.87175421,16.80297561,16.78191018,16.78387472,16.79999331,16.82031304,16.83775082,16.83944184,16.84019061
24,16.74582508,16.7540741,16.74163372,16.7027225,16.6732581,16.66266096,16.66477119,16.66301993,16.65215718,16.63428459,16.63242624
25,16.76800842,16.7730851,16.76864176,16.73845885,16.70582317,16.69243472,16.6980554,16.69791986,16.69975935,16.69786774,16.69860077
26,16.79335927,16.80108124,16.79632202,16.75863793,16.71769522,16.69889785,16.70262464,16.71155873,16.71956724,16.71418907,16.71325233
27,16.7065372,16.71720648,16.70931926,16.66882744,16.65454908,16.65789846,16.66845214,16.66868129,16.67767178,16.6819845,16.68136269
28,16.86226436,16.86997147,16.86765374,16.844165,16.81622189,16.81923471,16.82993257,16.827511,16.83093157,16.82335494,16.82345936
29,16.67704688,16.68663308,16.6792378,16.62781442,16.58631985,16.58412531,16.59226527,16.60245323,16.61449954,16.61552585,16.61499481
30,16.65576934,16.66144554,16.65418776,16.59794626,16.58525185,16.57447812,16.5770338,16.58778876,16.60314621,16.61079149,16.61392859
31,16.72336588,16.72399016,16.71975569,16.67082995,16.60898077,16.58402398,16.59153495,16.60755438,16.60855249,16.62227024,16.62060267
32,16.67342037,16.6789729,16.67295255,16.62367445,16.58974361,16.57830805,16.58738271,16.60003512,16.60228313,16.59927949,16.59607232
33,16.68724538,16.69006409,16.68385609,16.61987656,16.57070811,16.55728884,16.57333669,16.57323879,16.58691621,16.5750983,16.57695777
34,16.559401,16.56466322,16.5623087,16.52595294,16.48510437,16.46074732,16.48100299,16.48295775,16.49391524,16.49561915,16.49445887
35,16.61332457,16.6144041,16.61037685,16.58672672,16.58239538,16.5766473,16.58885969,16.59136335,16.59253491,16.59149385,16.58972904
36,16.60611675,16.60524503,16.60531195,16.60558944,16.60598753,16.60593839,16.61143969,16.6142973,16.61851817,16.61764609,16.61526806
37,16.56600227,16.5655431,16.56598064,16.56589565,16.56724762,16.57892672,16.58975189,16.58616915,16.59090526,16.58584967,16.58312375
38,16.74197918,16.74255732,16.74525903,16.74781546,16.75486188,16.76293706,16.77750055,16.77336966,16.77427799,16.77280216,16.7717651
39,16.87591255,16.87591255,16.8768644,16.87698212,16.88120084,16.89402033,16.91751038,16.90417776,16.90216537,16.89890767,16.89653229
40,17.05021207,17.05062106,17.05230717,17.05418752,17.05907513,17.06579618,17.08346298,17.07495069,17.07607075,17.07271856,17.07219503
41,17.06738332,17.06748529,17.07026067,17.07425143,17.08035652,17.08591854,17.10335278,17.09758589,17.1012832,17.10063177,17.10063177
42,17.07872236,17.07924384,17.08106685,17.08480012,17.08807785,17.0857269,17.1101137,17.10444886,17.1087589,17.10504604,17.10490863
43,17.24124907,17.241504,17.24214035,17.24463557,17.24849995,17.25085048,17.26782143,17.26295289,17.26234793,17.26078172,17.26025655
44,17.32849844,17.32849844,17.32894972,17.33146755,17.33493745,17.33941878,17.36167307,17.34669917,17.34948737,17.34853471,17.34747797
45,17.27511583,17.27528603,17.27751939,17.2833314,17.29197476,17.30266115,17.31443008,17.30492356,17.31020058,17.30131355,17.29991946
46,16.99100913,16.99387296,16.99737103,17.00282756,17.01879753,17.02021851,17.02188963,17.02393367,17.02832402,17.02928061,17.02731262
47,16.92493916,16.92824164,16.93198858,16.93808165,16.95027144,16.9527857,16.97264873,16.96955814,16.97432288,16.97863252,16.9754571
48,16.72893655,16.73166458,16.73423146,16.73873985,16.7581192,16.76950179,16.79447499,16.79326827,16.79728678,16.7943019,16.79327948
49,16.78419133,16.78528264,16.78832329,16.79442574,16.80891666,16.80817317,16.82228293,16.81393152,16.81789632,16.81699719,16.81598828
50,16.62100991,16.62247426,16.6252846,16.62982673,16.65232466,16.65925019,16.67780299,16.66960229,16.67027805,16.66714048,16.66462017
51,16.42403459,16.42444738,16.42583544,16.42938529,16.43344175,16.43680343,16.45410513,16.4518775,16.45067437,16.44658282,16.4433779
52,16.25374122,16.25557652,16.25534866,16.26014945,16.25880165,16.26731288,16.28656314,16.29611339,16.30075867,16.29328064,16.29100445
53,16.17266714,16.17263874,16.17565768,16.17825593,16.18793375,16.19705227,16.22160335,16.21749032,16.22365188,16.21607943,16.21469178
54,16.00240697,16.00078873,16.00309264,16.00428966,16.01968987,16.04163607,16.04836789,16.05390949,16.05182095,16.04685351,16.04639113
55,15.81958576,15.81058105,15.8108912,15.81305431,15.82230151,15.84137061,15.85363177,15.85833187,15.86682847,15.85913771,15.85698967
56,15.82259256,15.82021843,15.81795292,15.8234647,15.82783067,15.83752998,15.85494645,15.84979669,15.85621841,15.84324019,15.84178651
57,15.48757221,15.47769101,15.47129027,15.47049472,15.4764809,15.48078545,15.52620085,15.53738666,15.54856848,15.54132525,15.53713906
58,15.13149986,15.12158252,15.11807315,15.11458069,15.11249339,15.1344149,15.16646077,15.16275409,15.17787266,15.17105639,15.16724936
59,14.99976552,14.99125702,14.98508879,14.97696372,14.98511495,14.99962549,15.02931776,15.02613436,15.06828468,15.06334172,15.05821684
60,14.85175302,14.84561472,14.84045851,14.83004278,14.8346606,14.86064743,14.89728803,14.91466169,14.95929093,14.94105141,14.93645458
61,14.80235719,14.79822119,14.79527649,14.79177284,14.791999,14.82834025,14.85956661,14.87537135,14.89097358,14.8744163,14.87360868
62,14.85850129,14.85366953,14.84489581,14.83968505,14.83620549,14.86965939,14.90141823,14.90808828,14.92304468,14.90781099,14.90433732
63,14.78768776,14.78029837,14.77336873,14.77724084,14.77252096,14.78801313,14.81474289,14.80513905,14.8337223,14.80823758,14.80459775
64,14.67219002,14.66581781,14.65878091,14.65871713,14.66278578,14.67687606,14.697171,14.6987987,14.72803724,14.70414335,14.70245824
65,14.70367218,14.70256046,14.6976915,14.69468529,14.69714075,14.70942812,14.73039688,14.70050973,14.71526509,14.69445604,14.69186774
66,14.95586132,14.95011023,14.94142599,14.9391123,14.93501429,14.95335124,14.97540373,14.9400819,14.95518058,14.93734666,14.93351452
67,14.91401735,14.90193037,14.89538969,14.89062942,14.88077111,14.90699797,14.94023152,14.92614116,14.9646345,14.94433724,14.94255889
68,14.86699015,14.85618716,14.84571007,14.84491729,14.83243518,14.85180119,14.88129966,14.85646001,14.86389941,14.84173382,14.841733
69,14.83756308,14.8285556,14.82653157,14.82880154,14.81955973,14.83381035,14.8673164,14.86628582,14.88612558,14.85564359,14.85252307
70,14.78232474,14.77254809,14.769126,14.77083219,14.75402614,14.77176621,14.80013837,14.79989896,14.82388914,14.79665214,14.79075708
71,14.71665415,14.70470283,14.69624175,14.69764327,14.69283364,14.7177072,14.75884241,14.75741053,14.79386987,14.76729793,14.76208225
72,15.08209911,15.07285415,15.06611436,15.05860433,15.05623292,15.06904669,15.10551875,15.11000427,15.12889421,15.11313116,15.10995024
73,15.23698107,15.23207723,15.22920698,15.23528871,15.23162075,15.24127551,15.26090446,15.27479747,15.27605632,15.27385506,15.27085513
74,15.42103681,15.41512039,15.40820118,15.41707305,15.41326805,15.41587034,15.43209279,15.4434908,15.44023454,15.43225897,15.42825778
75,15.71550772,15.70623285,15.69024858,15.67614423,15.6718811,15.67575358,15.69543906,15.68074399,15.68306777,15.66310835,15.66050439
76,15.80222748,15.79454534,15.78488222,15.75740363,15.7568331,15.75873648,15.77171655,15.75973555,15.75686832,15.74922668,15.74627586
77,16.18598952,16.17359908,16.14661939,16.07548196,16.0604591,16.06197459,16.07823964,16.06839271,16.05806205,16.04861207,16.0464925
78,16.38636457,16.37959026,16.36015034,16.27455333,16.26120414,16.26852205,16.27486738,16.28738164,16.26708522,16.24623908,16.24066853
79,16.31082296,16.30187031,16.28096028,16.21171766,16.20922539,16.20390479,16.21613573,16.21172932,16.19765208,16.18035956,16.17172616
80,16.38089129,16.37094063,16.35022062,16.28131518,16.27626123,16.27561776,16.28148635,16.26668095,16.25838323,16.24890714,16.23675036
81,16.67661523,16.6642395,16.63720982,16.58179554,16.57623116,16.56606561,16.57361946,16.5534229,16.56182159,16.54653886,16.53739686
82,16.70605581,16.68703145,16.65444693,16.58742554,16.58276388,16.5760184,16.58740483,16.55631761,16.55112361,16.52639177,16.51942525
83,17.0006142,16.9801118,16.94463727,16.83083561,16.82123968,16.8288553,16.84214125,16.80862076,16.79844992,16.76768566,16.76119744
84,17.38142119,17.36780795,17.31807091,17.21383828,17.21126168,17.20979124,17.22357255,17.18753374,17.17126616,17.13900434,17.13280511
85,17.13193273,17.12105802,17.08793395,17.02626256,17.01911486,17.01546128,17.02429256,16.99132938,16.97005717,16.93692781,16.92426592
86,16.9801522,16.97089659,16.95248582,16.90598079,16.89764675,16.90188065,16.90922379,16.88669155,16.873367,16.84619825,16.83460412
87,17.03837606,17.02416224,16.97280434,16.88596273,16.87692257,16.8677942,16.87574665,16.85699689,16.85361683,16.81309345,16.80280083
88,17.25956745,17.24462696,17.19574688,17.10963958,17.10145427,17.08789633,17.097354,17.08377297,17.07258267,17.03693626,17.02986896
89,17.23078569,17.21845642,17.18760214,17.11992084,17.11665716,17.10779181,17.13112918,17.10669028,17.10965548,17.07481882,17.06388378
90,17.16066427,17.14783181,17.11112292,17.04456183,17.03989086,17.04078274,17.05283067,17.01148276,16.99885434,16.96513025,16.9562976
91,17.20032283,17.18249786,17.14666397,17.07776491,17.08284623,17.08386529,17.08484534,17.04668309,17.04419827,16.99315398,16.98308103
92,17.13324612,17.11567553,17.08311333,16.98059673,16.98024461,16.98250648,16.99173834,16.95837691,16.96433671,16.9296284,16.92062063
93,17.06228707,17.05345644,17.02933397,16.94190877,16.93567936,16.94163368,16.95963076,16.92743794,16.9120598,16.88730985,16.88453421
94,17.33509363,17.3128776,17.27586208,17.18724859,17.18300682,17.19188944,17.19976868,17.16662467,17.1674976,17.14405664,17.13561353
95,17.2663399,17.24761239,17.21683916,17.16014308,17.15852814,17.15682346,17.16986226,17.13141248,17.1454994,17.12400471,17.11276755
96,17.54740884,17.5324916,17.50990325,17.44522635,17.44571111,17.4625845,17.46659206,17.41445091,17.43986052,17.4093016,17.40192841
97,17.88884597,17.87611106,17.86213171,17.83748175,17.84593508,17.83615256,17.8235638,17.76633043,17.7664055,17.7337881,17.72285306
98,18.155385,18.15072815,18.13851446,18.13169769,18.14290205,18.14654462,18.15494651,18.12020414,18.11905255,18.10622043,18.10291033
99,18.66421389,18.66069724,18.65278227,18.64958592,18.66202646,18.66524295,18.68190728,18.66646533,18.66901351,18.65161145,18.65015956
100,18.68621909,18.68297169,18.66979992,18.66016977,18.67464193,18.67078529,18.68661841,18.66511848,18.68045711,18.65965346,18.65742265
101,19.2754574,19.27449821,19.26716624,19.26677253,19.27119839,19.27859728,19.29170047,19.26587003,19.27553272,19.26078817,19.25839289
102,19.61071757,19.6101232,19.60552725,19.60521646,19.60791859,19.61540367,19.62823961,19.6130298,19.61358968,19.6061789,19.60465111
103,20.00119535,20.00072808,20.00202364,19.98857948,19.97936058,19.9850587,19.9840455,19.9682712,19.96951267,19.95516558,19.95475584
104,20.06091637,20.05888646,20.05721619,20.06099981,20.07122979,20.05998808,20.05268104,20.04118257,20.04159981,20.03352606,20.03311945
105,20.29482113,20.28973469,20.28164391,20.28337394,20.30060501,20.30373252,20.30784398,20.28684665,20.28378895,20.27129043,20.2715564
106,20.75468552,20.75552496,20.75628684,20.75246185,20.75557614,20.75606437,20.7619184,20.75324406,20.7464785,20.72708493,20.72552263
107,20.59501564,20.59516673,20.59905392,20.58750156,20.59088845,20.60696523,20.60949228,20.5930477,20.59531397,20.58276189,20.58045247
108,20.72627915,20.73075419,20.73071643,20.72620043,20.74044408,20.74789605,20.75953844,20.72447391,20.73120513,20.7019324,20.69804362
109,20.70471255,20.70840982,20.70615841,20.70497647,20.70693168,20.74039552,20.76061756,20.74183922,20.74476496,20.72304221,20.72056282
110,20.66598438,20.66127211,20.65643057,20.64116522,20.63457323,20.64386816,20.65264537,20.64683057,20.65432119,20.62845541,20.62902014
111,21.16912138,21.1650854,21.16153545,21.16206158,21.15730769,21.16428517,21.16627002,21.16311497,21.16445063,21.1475344,21.14285316
112,20.91189618,20.91055274,20.90224774,20.90065149,20.90961556,20.90245429,20.88598376,20.85822107,20.84808928,20.82740158,20.82174642
113,21.09813546,21.09469679,21.08474916,21.07823498,21.08253164,21.07615407,21.0580719,21.05196914,21.04567011,21.0235503,21.02188331
114,21.34754349,21.34924752,21.351448,21.35485303,21.34506729,21.34230628,21.34069967,21.32207072,21.31744754,21.30185238,21.29730657
115,21.39072186,21.3908987,21.38761728,21.39096527,21.39708862,21.40732203,21.39000669,21.35915689,21.35527469,21.32645631,21.32281596
116,21.47201639,21.46237514,21.45927452,21.44787167,21.4450207,21.45130104,21.42610669,21.42357688,21.42018515,21.39675947,21.39545229
117,21.62887962,21.62555383,21.62109207,21.61749494,21.6179796,21.61178891,21.60263875,21.59152575,21.5961255,21.57712713,21.57397331
118,21.83229453,21.83133129,21.82927337,21.82214273,21.82299073,21.8344356,21.83230831,21.82015948,21.81927036,21.80807918,21.80583314
119,22.02797255,22.02709056,22.02028136,22.00004744,22.0060717,22.0085626,21.99521885,21.95692285,21.96394585,21.94325572,21.93858006
120,21.90460625,21.90796657,21.90361143,21.89517449,21.89390511,21.88497211,21.86162643,21.82267271,21.81833015,21.79488035,21.78754108
121,22.28512312,22.28668231,22.28631223,22.27943368,22.28899088,22.2818304,22.26334016,22.18049109,22.17332925,22.15199543,22.14779253
122,21.93325596,21.9335294,21.93319568,21.92814682,21.93085488,21.93381183,21.89518663,21.85713784,21.85113567,21.83447124,21.83216254
123,21.76427941,21.7624687,21.764705,21.76797854,21.7672777,21.74571134,21.72795404,21.66965471,21.67194924,21.64779736,21.64733255
124,21.96360526,21.95756867,21.95827088,21.96295955,21.96041771,21.90670526,21.89922603,21.85288004,21.83302553,21.80804177,21.80633783
125,22.01707455,22.01017603,22.01117688,22.00054571,22.00703605,21.98296215,21.98144099,21.92049237,21.90803013,21.87779719,21.87476835
126,21.51971385,21.52005134,21.51482598,21.50380749,21.49479691,21.47426323,21.47240936,21.45112852,21.44662256,21.4285887,21.42629832
127,21.46911613,21.47101337,21.46042256,21.44113237,21.41816064,21.37504902,21.36120576,21.34471258,21.33998553,21.32113569,21.31739549
128,21.51768327,21.51818043,21.50964096,21.49786401,21.47169329,21.43651894,21.43062323,21.4148373,21.40638555,21.38972467,21.38471481
129,21.85286052,21.85265343,21.8485594,21.83625467,21.80067892,21.76899445,21.74759304,21.7002155,21.68824705,21.67655475,21.67289735
130,21.84809517,21.84806598,21.85107813,21.82629357,21.80388116,21.73351319,21.72155981,21.65031741,21.64764263,21.63957547,21.64378669
131,21.66339081,21.66070905,21.66188427,21.64502848,21.59817136,21.55743382,21.54426707,21.4761074,21.4657942,21.44469052,21.44502878
132,21.78684161,21.78157103,21.76727843,21.74421271,21.70572514,21.65769899,21.6327803,21.54741797,21.55314052,21.54880271,21.55273611
133,21.73884586,21.73776413,21.73853113,21.71878905,21.64512942,21.59654276,21.57384871,21.506484,21.51017296,21.48632637,21.48875522
134,21.65103381,21.64693872,21.6419746,21.63002337,21.60594309,21.55945366,21.54656416,21.45182402,21.45071738,21.43329804,21.44054548
135,22.05652591,22.0557637,22.04669791,22.02090509,21.97955766,21.93695781,21.90477072,21.82882741,21.82631388,21.81777532,21.81995482
136,22.44296284,22.44498109,22.4367228,22.42068646,22.36285762,22.28767778,22.24781905,22.18160931,22.17900922,22.17776033,22.18142418
137,21.98700483,21.98228652,21.9895667,21.96368946,21.91480501,21.88401047,21.83890357,21.75497691,21.75145493,21.73911814,21.74107978
138,21.58687318,21.58202244,21.58541241,21.55487116,21.50090412,21.44230908,21.42858868,21.38255453,21.37640154,21.3772598,21.3778855
139,21.63598885,21.62979685,21.61965933,21.60035834,21.538264,21.47243813,21.45123542,21.39312904,21.39785441,21.39084253,21.38863583
140,21.707505,21.70904971,21.70348599,21.69140145,21.64121724,21.5886705,21.53825694,21.43857189,21.4491177,21.43807498,21.44086337
141,21.75308707,21.74336277,21.73358719,21.68914368,21.62494284,21.55732118,21.53934689,21.43788405,21.4438725,21.41658064,21.41798207
142,22.17899386,22.17253564,22.16566596,22.12272634,22.07763313,22.00385806,21.9682246,21.89552697,21.8922217,21.86448248,21.86152169
143,22.77993813,22.77328609,22.76329981,22.70769814,22.62818146,22.56020295,22.51245694,22.4489599,22.42827191,22.40675968,22.40533343
144,23.05691639,23.05366423,23.03103638,22.97259665,22.86470417,22.79324341,22.74714916,22.69066043,22.68066338,22.67087832,22.6691684
145,23.1816612,23.17517397,23.14730524,23.11714195,23.01600308,22.92574833,22.88631808,22.83389275,22.818182,22.80127483,22.80111529
146,23.61282265,23.60895838,23.58429086,23.59153855,23.50963576,23.43345006,23.39003925,23.2939568,23.2909197,23.25708896,23.26015054
147,24.20090771,24.19356921,24.15133494,24.0550382,23.96543796,23.85908974,23.82381451,23.71848408,23.71233977,23.66317274,23.67550794
148,23.98439425,23.97008572,23.95570568,23.9244651,23.81092249,23.7288418,23.68485985,23.60280063,23.59546563,23.53691022,23.54222255
149,24.30648039,24.28518155,24.24678245,24.27945193,24.16132439,24.04529947,23.98699028,23.9236306,23.92170618,23.86539511,23.86564898
150,24.70898722,24.70613169,24.65360575,24.62707005,24.58630058,24.47074427,24.43108217,24.36245622,24.33373997,24.27234493,24.27660689
151,24.98750431,24.95010356,24.91005064,24.85234744,24.7931631,24.69318718,24.64462702,24.56477505,24.52469692,24.3953779,24.38057373
152,25.46032071,25.45237571,25.40624898,25.39245686,25.29147674,25.17918827,25.1079941,25.0374851,24.98278172,24.80709076,24.77871788
153,25.89904029,25.88804963,25.83894761,25.85203149,25.7073171,25.593823,25.41560617,25.33455554,25.27438684,25.10017679,25.08448103
154,26.24987723,26.24778611,26.2242802,26.26257894,26.09239868,25.93890508,25.75298109,25.6862977,25.62279088,25.4630156,25.43322189
155,26.86278669,26.84230572,26.78391435,26.83296306,26.68138794,26.52199292,26.35170289,26.30157369,26.2544099,26.01932998,25.99103532
156,27.17069932,27.14725812,27.08208495,27.05443205,26.96493785,26.80187844,26.58896663,26.44976422,26.35255465,26.15314293,26.11327633
157,27.06165237,27.05680774,26.99041383,26.96927489,26.79871949,26.63267687,26.49673004,26.39576985,26.3052475,26.12200874,26.09281524
158,27.45164593,27.42936788,27.40977094,27.38435684,27.18535023,27.02152043,26.81321825,26.69549351,26.64315929,26.38596076,26.34449929
159,28.25820414,28.14239906,28.02626036,27.95810725,27.77355087,27.60041677,27.35152204,27.26839955,27.1766411,26.89041358,26.86182164
160,28.63348323,28.58218743,28.46770729,28.50677456,28.21274367,28.03750925,27.84522762,27.77505148,27.73891633,27.49696954,27.47713516
161,29.53360076,29.51824866,29.4465446,29.22061584,28.93944931,28.77407958,28.61323287,28.55976804,28.45273502,28.20783124,28.15841123
162,29.80723572,29.83564679,29.78451684,29.65133956,29.39543312,29.2203293,28.94091654,28.84693402,28.81190133,28.52420118,28.46583046
163,30.14127086,30.10851692,29.98180198,29.93028903,29.56683259,29.32153054,29.09850842,28.96173012,28.89890189,28.61431264,28.54664816
164,30.18546946,30.12225248,30.01742123,29.89976912,29.55174367,29.3063258,29.15138692,29.06747259,29.00068726,28.67278719,28.5976575
165,30.57707836,30.46429895,30.36347402,30.27336694,29.98738904,29.73328284,29.57412711,29.47181594,29.36151977,29.06790838,29.00732526
166,31.04253101,30.97093979,30.91808152,30.86545954,30.56439433,30.29588755,30.15808614,30.07567795,30.01043943,29.73704451,29.63631491
167,31.37363547,31.3176606,31.19531544,31.08907659,30.76953515,30.44805665,30.22873278,30.10364836,29.95714951,29.67935778,29.58545927
168,31.34301749,31.24525815,31.17124389,31.22738701,30.99408637,30.75574882,30.46077741,30.26610745,30.191063,29.84826897,29.75770533
169,31.58780679,31.53357239,31.44535751,31.42057176,31.10843507,30.77668739,30.41087321,30.29370336,30.18082214,29.80274308,29.74671567
170,31.44644518,31.37656789,31.28697716,31.31253933,31.11947586,30.8581465,30.59224053,30.45894547,30.30567269,29.91939997,29.82841056
171,31.55953271,31.45762006,31.37528864,31.3739623,31.09210116,30.9170338,30.67097402,30.4866768,30.42665466,30.11530567,30.02285236
172,31.86338329,31.79346829,31.7504188,31.73723577,31.38725857,31.1140453,30.76642802,30.61692136,30.43707057,30.09200551,30.02190609
173,31.89183824,31.82108862,31.69469681,31.60389339,31.33660962,31.12590428,30.73801133,30.50500901,30.33802651,30.05620228,29.97342513
174,31.07442959,31.06430432,31.029554,30.95717168,30.77904611,30.63846614,30.5022435,30.37939433,30.30643894,30.10880172,30.02106798
175,31.11444203,31.15122952,31.12464488,30.99649831,30.86812717,30.63157005,30.57268046,30.45738029,30.39095717,30.27372014,30.17230913
176,31.73356939,31.82461901,31.79011297,31.54177865,31.29382556,31.06147073,31.02939479,30.95163825,30.90025589,30.73837911,30.66355675
177,31.90365752,31.98833204,31.97833994,31.76556831,31.36454241,31.18484326,31.20995148,31.05053733,30.96446464,30.66790701,30.6031071
178,31.7398077,31.76392335,31.70432513,31.49404471,31.25319064,31.13746922,31.10181755,30.8865053,30.77603455,30.52364591,30.46028472
179,31.65754918,31.67086456,31.68053682,31.68929052,31.5581399,31.43817683,31.20697478,31.03802705,31.04425514,30.65157042,30.59835192
180,31.75545109,31.76565664,31.77256638,31.71560956,31.61022228,31.55591923,31.33267983,31.26114763,31.18233011,30.85402033,30.74741828
181,31.56303442,31.59964556,31.55081979,31.42136653,31.16334735,30.91847949,30.82971148,30.7699966,30.68961723,30.43348613,30.27394377
182,31.32571301,31.31865844,31.30623525,31.20900087,30.99411354,30.7731155,30.59351977,30.45586246,30.45871895,30.17316032,30.12094305
183,30.39826578,30.43079318,30.38749109,30.39067445,30.24716418,29.97039918,29.84457402,29.65829819,29.57017022,29.31378001,29.25285106
184,29.88703908,29.86705347,29.81012682,29.76575122,29.70254037,29.42148428,29.17572924,28.97808298,28.91271933,28.62755486,28.57896068
185,29.97167619,29.95249613,29.87680883,29.75578313,29.61524485,29.48137,29.24117166,29.07131974,29.07959072,28.71772689,28.67443586
186,31.53690323,31.4473871,31.32590628,31.17750651,31.04394697,30.72227796,30.54099672,30.40776099,30.36641061,30.02649303,29.98348331
187,31.55919793,31.50865883,31.41659365,31.3005348,31.31231215,30.90944003,30.77219017,30.68497529,30.6075361,30.40344139,30.37503377
188,31.98165032,31.98861173,31.98284682,31.92244239,31.9392518,31.48492509,31.21332892,31.05139086,30.97501709,30.70283228,30.65358428
189,32.3351478,32.36340055,32.34798837,32.2475664,32.23207878,31.76821564,31.42876781,31.28888961,31.26015156,30.95998527,30.86167031
190,32.22180387,32.16717448,32.11767863,32.0833305,32.07173484,31.61653141,31.25627521,31.09129361,31.03659126,30.7728887,30.70703167
191,31.98076532,31.95596704,31.94204227,31.84069783,31.72920454,31.27729145,30.92057992,30.85328922,30.76090128,30.42877542,30.40007911
192,32.43700485,32.41913315,32.3589215,32.18106306,32.12424791,31.58930379,31.28310415,31.17718628,31.11237154,30.75463121,30.67909237
193,32.69170567,32.63725465,32.54657777,32.26441724,32.14266536,31.63850701,31.39506426,31.28212764,31.17732851,30.75824611,30.65919863
194,32.85012762,32.76528049,32.66103361,32.36873614,32.28446782,31.80484035,31.55765215,31.41485282,31.3454041,30.93408159,30.86111132
195,33.39454886,33.31385911,33.21063562,32.97331368,32.85280333,32.19559572,31.88102954,31.70671222,31.51316706,31.06001688,30.96874573
196,33.44544122,33.42860564,33.35745982,33.22026249,33.00863848,32.45988319,32.05872311,31.86301571,31.78507777,31.32251647,31.25425797
197,33.91647341,33.92737893,33.87452074,33.73634664,33.51399339,32.84137953,32.38724581,32.12110186,32.07453102,31.45340392,31.37290399
198,34.14544025,34.0904982,34.08835516,33.90844266,33.80931434,32.78512645,32.58182603,32.27833177,32.3894005,31.9012739,31.78054478
199,34.35306234,34.2605067,34.21221387,34.03938773,34.00189652,33.29896151,33.20045746,32.92136023,32.79649395,32.16168533,32.04667383
200,33.81398636,33.79051653,33.70747716,33.63393444,33.79771717,32.88947804,32.65790526,32.39045364,32.23828989,31.62022922,31.50486115
201,34.2555081,34.22913539,34.12596315,34.07085371,33.95061691,33.27266554,32.92449721,32.66902846,32.46176555,31.64482063,31.46637015
202,34.08888099,34.02362604,33.96078106,33.8448854,33.78367163,33.48427907,33.12200977,32.96807193,32.73446083,31.85182131,31.62539413
203,33.46447255,33.41879445,33.40906042,33.31196784,33.53824456,33.10916227,32.64313782,32.50372681,32.37166791,31.64815126,31.41959324
204,34.19173872,34.11549585,34.10735311,34.10473538,34.22417014,33.63299317,33.14449254,32.88450172,32.79812935,32.09078092,31.93287265
205,35.29577824,35.21968274,35.24246718,35.15409033,35.18079721,34.35937491,34.03537489,33.83911909,33.60779181,32.75895005,32.53679949
206,35.420546,35.31695789,35.38322605,35.34963681,35.71595672,35.16220711,34.76058927,34.50521386,34.28293705,33.19613693,32.86324835
207,35.56822513,35.52847139,35.6216581,35.6495771,35.85597629,35.32874626,34.81392591,34.6521845,34.27976503,33.21079475,32.99439346
208,36.39622071,36.35701268,36.4022885,36.21363607,36.4089926,35.81994486,35.26306564,35.09075988,34.8582638,33.68887421,33.44195669
209,36.62093531,36.57634795,36.64625428,36.48890136,36.50793738,35.77269103,35.06529995,34.77777034,34.63576439,33.49833763,33.2761193
210,36.52531808,36.48611528,36.54991486,36.53233956,36.50875163,35.83793069,35.31645934,35.04236946,34.93197298,33.55308874,33.29489921
211,36.90028961,36.8682512,36.82300559,36.90371136,36.82552055,36.15609564,35.57677597,35.17555884,34.96168527,33.55848937,33.29534539
212,36.85586177,36.87482005,36.95244179,36.90398512,36.70476896,35.84771352,35.33325614,35.01472603,34.81863507,33.47114578,33.24304492
213,37.04796321,37.09017836,37.1294712,36.86614279,36.68953355,35.7432852,35.10910141,34.78847367,34.72627282,33.4437695,33.14521052
214,37.90471483,37.95010636,37.93838094,37.86676812,37.58646663,36.33617166,35.78645201,35.46132297,35.28803824,33.9354401,33.62543191
215,38.72968715,38.70821506,38.68750242,38.72877446,38.49492938,36.9403385,36.0726,35.89000483,35.74897134,34.2698631,33.96877138
216,39.45057241,39.50289921,39.56130221,39.62913144,39.45344845,37.62484972,36.59602061,36.25993598,36.13327923,34.67321519,34.33530404
217,40.86263458,40.77606502,40.83493906,40.85743311,40.66389865,38.73347453,37.65764637,37.15738889,36.97298703,35.45132233,35.05755203
218,43.53742307,43.36890345,43.2774726,42.94879318,41.44624862,39.70566842,38.46655395,37.88099868,37.4520868,35.85484124,35.27115321
219,44.76831331,44.67509382,44.48918099,43.72048222,41.91964387,40.0582242,38.76940077,38.01929664,37.39674997,35.63608811,34.95496644
220,44.9448582,44.8310914,44.6259355,44.01164064,42.32519833,40.2707308,39.01178143,38.17566516,37.575472,35.76437031,35.1678238
221,46.05945238,45.98230602,45.73035774,45.07599621,42.99729928,40.68759155,39.26016817,38.24925029,37.6707258,35.90179916,35.24927397
222,48.19834242,48.02034623,47.69232075,46.89205854,44.45275361,41.77005315,39.87329445,38.77015705,38.15584335,36.1899935,35.53831046
223,49.20988773,48.90085737,48.44764997,47.58972829,44.89660385,42.10982522,39.92809866,38.70475261,38.08767938,36.04325206,35.28292522
224,50.14328915,49.96871025,49.65299203,48.92428298,46.16186168,42.7881413,40.68289746,39.40837941,38.77164762,36.58331808,35.66577275
225,50.66147027,50.3736511,50.01668554,49.28231265,46.80642389,43.26891269,40.77032592,39.15016389,38.68613673,36.36069769,35.49942018
226,51.82132837,51.46706094,51.02788083,50.02741496,47.80463342,44.38481858,41.58006507,40.01678535,39.40760027,36.88244107,36.03069475
227,52.88026798,52.48028611,51.94571707,51.03764128,49.24481359,45.79936828,42.72241412,40.62217972,39.86669148,37.37825601,36.54308094
228,53.8941957,53.55277521,52.9847948,52.18059058,49.98791176,46.29361791,42.95366381,40.67502609,39.97181197,37.46353465,36.58126204
229,54.24606996,53.92525462,53.3861505,52.58695026,50.68436052,47.13309616,43.65126611,41.17323959,40.21642367,37.74548137,36.64340936
230,54.68283181,54.26453161,53.74587717,53.00391332,51.45601255,48.22205008,44.46646477,41.48569584,40.51503016,37.96913466,36.81584332
231,55.85915647,55.40588651,54.72774227,53.9647256,52.62857502,49.67115665,45.88449644,42.60205252,41.32554838,38.75190692,37.55309163
232,55.99678276,55.53097574,54.89281073,54.27932237,52.80464477,49.97191132,46.527672,43.18647464,41.67120473,38.89656677,37.525443
233,56.66948408,56.28280756,55.60572137,54.96120305,53.28594331,50.2616313,46.54811007,42.81045074,41.26024999,38.31996473,37.07108132
234,57.48986722,56.99928343,56.3384111,55.57764515,53.90281957,51.01640339,47.47880547,43.87979969,42.06298633,38.82260909,37.5997321
235,57.55394561,57.06915476,56.43179254,55.53988466,53.95546717,50.90129051,47.39470056,44.12681156,42.43856024,39.12781946,37.85571279
236,57.49662046,57.08723093,56.48817842,55.40079158,53.88693487,51.11870397,47.53275182,43.93638419,42.33189514,38.99954454,37.86467492
237,57.7267172,57.31334681,56.79410946,55.92488787,54.45540393,51.97972282,48.30546738,44.51825702,42.74382636,39.28921272,38.01099656
238,58.36307242,57.86721438,57.3002041,56.56646897,55.27999047,52.727116,49.40095711,45.57819173,43.37495459,39.85026045,38.46575765
239,59.10686545,58.5987559,57.99288788,57.45151651,56.24864555,53.91323682,50.82421891,46.87812467,44.53860204,40.87725617,39.32335729
240,60.87918844,60.37547554,59.61806993,58.82745643,57.14891491,54.9257912,51.90977735,48.05625446,45.59887857,41.6502126,40.00470577
241,61.29021688,60.89054697,60.288421,59.45072177,57.85780735,55.96192087,53.35020616,49.5435023,46.7339266,42.16434035,40.46309705
242,62.8257428,62.61470301,62.06682154,60.96116405,58.96561846,57.29072281,55.21043456,51.31980567,48.51103597,43.15693867,41.2693688
243,63.50036843,63.1711274,62.7736976,62.04138299,60.06772029,58.26683126,56.30634284,52.58169165,49.71155174,44.03114504,41.88125387
244,64.76628647,64.45090618,63.95248415,62.99330253,60.71649763,58.87742052,57.31328935,53.79689182,50.444831,44.65612301,42.45173936
245,65.68936117,65.24423246,64.69040053,63.34689777,61.04960939,59.46156978,57.92276002,54.15693493,50.779517,44.73173352,42.40113156
246,68.31961544,67.60943291,66.91159349,65.50665511,63.44884853,61.73935596,60.08832972,56.93706571,53.4839822,46.51949682,43.84029048
247,70.29347587,69.59140063,68.59294642,67.28294954,65.36094249,63.8247851,61.97447635,58.88547551,55.48454816,48.21186902,45.43439204
248,72.82492195,71.8660851,70.51073913,68.72663261,66.64596394,65.26990599,63.46154068,60.76309631,57.4664076,49.48535236,46.49492559
249,74.21944967,72.94556498,71.44720273,69.21740398,66.98914643,65.50281551,63.66258235,60.5334856,57.06572067,49.36698625,46.3718113
250,78.2855374,76.87246806,74.40741726,71.04161697,68.84074968,67.36815385,65.03425846,62.03834746,59.28648294,50.49621458,47.24006528
251,80.24390698,78.25345918,74.46935199,71.15126434,68.74913593,67.06381033,65.26378273,63.06988433,60.52748932,50.86639955,47.26312003
252,82.88804894,80.50173989,75.97621097,72.21259629,69.2134459,67.42735775,65.96593589,63.75469768,61.19682722,51.51434313,47.66481494
253,85.81705564,83.71957842,78.53238441,73.50113497,70.89379299,68.95581899,67.34033636,64.97517432,62.78387569,52.6510572,48.47585883
254,88.2935885,86.3751949,80.01576467,73.91125441,71.5693176,69.2426794,67.61562305,66.25186275,64.59957814,53.60134736,49.01721694
255,92.01975893,90.3276615,83.30019131,76.23411068,72.59227175,70.12340176,68.46064545,67.07187579,65.5792504,54.22154623,49.55458853
256,91.02541316,89.67343486,84.22161188,76.98693835,73.20893727,70.60696384,69.05553912,68.22043708,66.71048774,54.70756624,49.75445499
257,90.39279103,88.97105771,83.79776528,77.04954448,74.29348133,71.71015379,70.59971601,69.98489048,68.49366721,55.96423157,50.73996243
258,90.7195543,89.10525372,84.20844464,77.70313933,74.59127497,72.24265273,71.03118252,70.57283302,69.3327499,56.9318466,51.49468137
259,91.13328203,89.07885974,84.66824663,77.30834667,74.24821171,72.04740527,70.82316074,70.3369957,69.00653241,56.86577733,51.39142023
260,92.48911805,89.8839235,85.02523083,78.41047195,75.75392564,72.77430398,72.05368963,71.67313298,70.19148826,58.15707125,52.6106705
261,89.14758008,87.43329331,82.64837934,76.17393363,73.74033402,71.20592346,70.82828558,70.75424847,69.0734114,56.86665349,50.87500459
262,87.32822039,85.34015362,81.26110315,75.9731935,73.22229698,70.955403,70.27620693,69.82679861,68.04625823,56.70763144,50.89957682
263,88.50265032,87.12788118,83.52511747,77.65328729,74.16425466,71.54092423,70.64417507,70.28160569,68.6485731,57.42298305,51.93608534
264,88.27969446,86.70422027,82.99906977,77.13374832,73.84182455,71.55217681,70.93587828,70.40217756,68.63928634,57.33383963,51.72972041
265,88.96887416,87.90771592,83.85346507,78.36740018,75.62420993,72.7498964,72.0230215,71.09678816,69.26996558,58.71640893,53.19690608
266,89.08310253,88.23588909,84.28078316,78.44587976,75.16105635,72.52466797,71.57378702,70.3567565,68.53664418,58.08346608,52.97796823
267,86.02733909,84.87446989,81.21495416,76.8932112,74.11695112,71.36654268,70.8195676,69.33594201,67.53696786,57.08939564,52.04074799
268,86.75348959,85.77260938,82.79861844,77.00941462,74.12543977,71.30612718,70.1809764,69.1199053,67.70735091,57.24044685,51.7732562
269,83.33591037,82.70024621,81.3203386,76.27236946,73.34153047,70.96534061,70.25369506,69.24827006,67.25180327,57.09188183,51.70240974
270,82.34915072,81.66231187,79.67344716,75.51173218,72.90492183,70.76195024,70.08243753,68.70683169,66.30595933,56.72614605,51.69259688
271,81.88425522,81.3169451,79.67528588,76.28013975,73.13795684,70.76427782,70.35539347,68.58206957,66.01109383,56.34622388,51.19313776
272,81.85324213,81.23724582,79.63144094,76.43755207,73.09127102,70.56889885,70.29300728,69.059845,66.507096,56.48831741,51.09216513
273,82.28866555,81.6525302,79.99443274,76.91520195,73.89424827,71.09950305,70.30341633,68.6176947,66.23532335,56.77680864,51.74006496
274,81.16847469,80.53790338,79.36097288,76.41171611,73.39562034,70.84251439,69.92709082,68.08365334,65.49412251,56.5569981,51.67354655
275,80.17940561,79.43923815,78.42236849,75.05721658,72.76024226,70.16789465,69.50871401,67.61709397,64.9665764,56.43185801,51.55697941
276,78.9279843,78.27217056,77.49018015,74.43178798,72.0263812,70.17872,69.37581254,67.3664649,64.34885977,56.00050279,51.38150343
277,77.21456593,76.41312071,75.39561854,73.10531733,71.2098433,69.05345804,68.10729297,65.40520151,62.52320955,55.20342971,50.84758841
278,75.73261144,75.12434757,74.01006151,72.0779083,70.11170552,68.05179122,67.20835832,64.59064672,61.75610958,54.74209547,50.44676512
279,76.05312894,75.22228305,73.87091544,72.31472269,70.15961525,68.44831848,67.08444338,64.02236798,60.88560596,54.09231327,50.16576274
280,75.30419496,74.64731724,73.37002613,71.90606481,69.95952168,67.64576508,66.38222695,63.18545185,59.83354902,53.47940371,49.80764113
281,74.89181737,74.19876344,73.0073995,71.57499001,69.79753769,67.62422848,65.97487431,62.26134335,59.53900906,53.23023044,49.87551897
282,74.28615547,73.49848207,72.27003535,71.08489754,69.44314944,67.21638639,65.33946844,61.28267184,58.55209396,52.48117903,49.2610592
283,74.94892255,73.9400607,72.37584452,71.13196201,69.42445079,66.80728162,64.9357757,60.85207035,58.38625009,52.35599294,49.0511861
284,72.72176227,71.96556566,70.71476253,69.44324462,67.22136988,64.78222601,62.73355081,58.78721392,55.78952188,50.12430027,47.18689557
285,71.52064747,70.65378391,69.28077472,67.84052429,65.70349032,62.56446535,60.45218246,56.68241301,53.8368867,47.62340342,45.14509633
286,69.69171566,68.85445526,67.53450303,66.15405118,64.40921533,60.99076114,59.25359748,55.50348269,52.2245738,45.8862738,43.23903315
287,69.15334025,68.11096791,66.615625,65.0285925,63.12886355,59.98905169,57.72081886,53.34102444,50.4730315,44.53741085,42.36456768
288,69.51748544,68.13009703,66.81784823,65.19164618,62.58552205,58.73708901,56.65807414,52.59092278,49.68673017,43.84339663,41.34675665
289,69.89499679,68.41810447,66.80739305,65.21721344,61.91735299,58.94563244,56.83988762,52.81201072,49.19731812,43.06399249,40.50749883
290,67.65250036,66.22765512,64.70170238,62.77508619,59.64626062,56.68782193,54.40087289,50.08914104,46.71228994,40.04593524,37.86185642
291,65.70720258,64.61312965,63.32546852,61.42717064,57.9068095,54.4582091,52.06438974,47.68517503,44.69218215,38.32527275,36.22246433
292,63.93303882,62.65613562,61.68463906,60.35147938,56.42637111,52.64077227,50.20043748,45.89813719,42.76178702,36.24580906,34.03153688
293,62.58917351,61.21114798,60.25584143,59.10595268,55.69735867,51.92323573,49.07891375,44.43203112,41.61175885,35.57452929,33.69101196
294,60.70098078,59.55297639,58.79738755,57.21638614,53.86420668,49.90251311,47.03653239,42.63936917,40.12776175,34.53398857,32.76087489
295,59.08936236,58.10138466,57.38166148,55.94785273,52.58415694,48.46353626,45.65257435,41.28054447,39.00207781,33.60706824,31.92765263
296,58.36683178,57.46158107,56.59524386,55.32391822,52.30929406,48.33604708,45.30079432,40.96977884,38.78924022,33.97031039,32.56058993
297,56.29550112,55.59559491,54.72427693,53.64880139,51.03784684,46.55261866,43.70741871,39.54051473,37.58527887,33.28957246,31.99312341
298,57.02616952,56.03309967,55.01007686,53.93422956,51.01272567,46.83839971,43.90925872,39.81571903,37.61304408,33.51911718,32.03352718
299,55.5669264,54.59530432,53.89042244,52.71217465,49.57076994,45.1966006,42.73835813,38.44083149,36.43300754,32.56898596,31.19793079
300,53.05847711,52.50886159,51.7573203,50.17069087,47.36074542,42.87343515,40.34637673,36.17627589,34.45027632,31.32609655,30.33520013
301,51.86481763,51.34194932,50.6557336,49.15761015,45.98243615,41.12568892,38.68696562,34.54872667,32.92866458,30.22636398,29.39294069
302,50.94627988,50.36005645,49.59934556,48.07126547,45.05197414,40.26668498,37.53956418,33.8973123,32.66934406,30.1208972,29.30718554
303,50.29602459,49.81845506,49.16785148,47.7545567,44.78475519,40.05964581,37.42116731,33.74967774,32.20182427,29.53328661,28.66270752
304,48.05930816,47.64732613,47.06369158,45.73835558,42.83393137,38.59341486,36.15180138,32.50238774,31.16187969,28.84105486,28.2177002
305,47.36056711,46.98885685,46.41845041,45.04484144,42.14493921,38.12225877,36.06184149,32.66392744,31.40297975,29.32045918,28.50419961
306,47.51292447,47.22032175,46.63533538,45.23969385,42.41746863,38.7934966,36.6521987,33.37372142,32.19455137,30.14178225,29.1838517
307,47.57385327,47.246973,46.57515541,45.07098474,42.45103376,38.32431429,36.13091921,33.00516744,31.71156942,29.51737665,28.6062051
308,45.3792141,45.08803134,44.40675266,43.24194939,40.72879355,36.93807936,35.07721877,32.52991928,31.32983028,29.64062555,28.87215674
309,44.32264598,44.05164154,43.04065151,41.77335305,38.94404145,35.51613437,33.90583408,31.79626041,30.73202134,29.25131322,28.64713425
310,43.22172013,42.98766607,42.22066497,41.09482981,38.38836448,34.83157212,32.97533635,30.9836166,30.17658951,28.54007214,27.81287612
311,40.49107936,40.25068103,39.35935599,38.19957395,36.12083028,33.38315056,31.92090363,30.13713795,29.55996855,28.05746911,27.31633498
312,38.68757841,38.50107171,37.94903283,36.85261662,34.78171876,32.51505467,31.17961354,29.62813726,28.99892258,27.56112037,26.93405265
313,37.25035615,37.05773039,36.4667282,35.47605513,33.60637928,31.34335012,30.19148615,28.70275749,28.02342733,27.0854781,26.62689833
314,36.45316775,36.21096296,35.53643126,34.38534465,32.40720803,30.46336485,29.45764414,28.09846793,27.54034975,26.70964108,26.18646368
315,34.87580378,34.6776455,33.95810386,33.12404707,31.42392304,29.60317201,28.56813489,27.66469381,27.24992011,26.60373362,26.11540354
316,33.78459836,33.54314243,32.80044907,31.77261859,30.35428499,28.76903818,27.89975399,27.04951414,26.68439635,25.97235286,25.67971175
317,32.14404134,31.93730503,31.49845106,30.77879722,29.52261273,28.23705541,27.49390229,26.73029182,26.34516359,25.867905,25.65937347
318,31.81049388,31.58885118,31.23349827,30.33692955,29.30075835,28.34909782,27.65808031,26.80459607,26.46806646,25.89454033,25.74999816
319,30.77275371,30.57619231,30.18246584,29.42903112,28.45400537,27.56503045,26.99496586,26.18122183,25.97478382,25.63652908,25.47595879
320,29.17699563,29.04725539,28.70672146,28.11389922,27.30602907,26.55092722,26.06707326,25.35533606,25.16708799,24.84391409,24.73575121
321,28.57756633,28.46648545,28.11669291,27.56591026,26.91756113,26.22905068,25.70497231,25.13038948,24.92484221,24.49778985,24.37611619
322,27.85137937,27.73218037,27.35488114,26.78394366,26.14144473,25.66252034,25.22886238,24.63474673,24.47627622,24.09702629,24.07076309
323,27.14424757,27.09433921,26.74920304,26.26869712,25.75045087,25.36042849,24.84151968,24.28164813,24.04337068,23.75219103,23.6345489
324,26.05665955,25.99657052,25.75520008,25.47302276,24.98104724,24.59149531,24.253615,23.82111692,23.64516333,23.3994486,23.42291651
325,25.07844982,24.98289443,24.8412075,24.67978678,24.33005686,24.03073325,23.67105653,23.24625179,23.11820537,22.88554107,22.9273478
326,23.85845636,23.85818738,23.79114847,23.69981666,23.41082041,23.12512032,22.87558913,22.64033807,22.49760748,22.20740288,22.23972871
327,23.34424423,23.36046244,23.30927326,23.24210032,22.94879754,22.7149168,22.51572902,22.32959662,22.2516791,22.06334884,22.07294493
328,22.69402007,22.72445012,22.70380295,22.63196747,22.43270345,22.33297197,22.1297751,22.00451676,21.96692294,21.89380575,21.88723437
329,21.89717134,21.91065555,21.88369141,21.85073644,21.60679296,21.56521659,21.47257826,21.45416917,21.45117393,21.39254134,21.38965233
330,21.52725887,21.53710582,21.51230041,21.49392428,21.37324209,21.37464893,21.32742248,21.3084882,21.28160918,21.17070395,21.17590615
331,21.1544347,21.16824436,21.12577518,21.13839891,21.04468864,21.07751422,21.05319464,21.02948168,21.01044571,20.92426546,20.94489756
332,20.81425887,20.83004478,20.83717081,20.85941052,20.79420684,20.83231307,20.83007993,20.76744425,20.72399083,20.57005991,20.6329863
333,20.45292079,20.46941922,20.4735868,20.51837092,20.58237312,20.62221561,20.62027247,20.59538732,20.59130243,20.44525383,20.49768968
334,20.07257395,20.08835936,20.09161571,20.15473191,20.18758388,20.22123844,20.1942281,20.15750852,20.16921572,20.00907541,20.02286737
335,19.89311334,19.90873,19.91473052,19.95739265,19.98749279,19.95211767,19.9317838,19.90457507,19.89407413,19.82593431,19.83098651
336,19.56097019,19.57541259,19.60175713,19.66432853,19.75955199,19.74131509,19.67534897,19.63847869,19.62808802,19.35508937,19.4213615
337,19.22040511,19.23275316,19.25100825,19.30211292,19.36033279,19.32432706,19.26392277,19.21988121,19.21242176,18.97108174,19.05134084
338,18.70964119,18.71401632,18.72675303,18.7627579,18.79919515,18.7426789,18.71650556,18.66224278,18.66291915,18.52867632,18.55536838
339,18.18821439,18.18557355,18.19414019,18.21866532,18.28880471,18.242564,18.21397167,18.18098515,18.18515229,18.06344212,18.08284534
340,17.99609433,17.99077427,17.97925621,17.96683086,17.98681797,17.95696345,17.8781441,17.82424348,17.79976641,17.59945511,17.63264164
341,17.71464057,17.70659417,17.70600609,17.69543156,17.70059106,17.66558084,17.62021456,17.54210897,17.54674562,17.37834648,17.40556282
342,17.62027804,17.60858346,17.60009088,17.61059065,17.66702181,17.63694909,17.59687395,17.51840519,17.51043487,17.39557202,17.41565187
343,17.15894163,17.14833838,17.13611915,17.11771404,17.14525896,17.10458462,17.04488227,17.02272849,17.01699525,16.93114292,16.9547001
344,17.13426847,17.1177198,17.08488664,17.06740467,17.09984886,17.06506333,17.02074844,16.98183828,16.98728202,16.95104291,16.94843265
345,16.96187495,16.94184443,16.91754822,16.90535132,16.94639847,16.91869365,16.87183351,16.82971416,16.82594145,16.79447688,16.782234
346,16.84089436,16.81953889,16.80007602,16.75927478,16.76359111,16.72332317,16.67075362,16.60882996,16.60479443,16.5813487,16.57613784
347,16.90845245,16.88904812,16.88184926,16.85308416,16.8420399,16.76733297,16.68979025,16.6252353,16.6194898,16.58355846,16.57176175
348,16.84043885,16.81904622,16.79118083,16.75032804,16.72673057,16.68380212,16.65185944,16.59584922,16.57587143,16.55406339,16.54955063
349,16.32268561,16.31644443,16.29534698,16.26347861,16.23677799,16.22580007,16.20596344,16.15491393,16.15542862,16.14318132,16.14009224
350,16.25749893,16.24227197,16.22104639,16.1798988,16.16679919,16.17827027,16.18187707,16.12320016,16.11755586,16.10672604,16.10334626
351,16.17869212,16.1747112,16.1597457,16.12936348,16.12402886,16.14034608,16.14456958,16.11108491,16.11117702,16.1024274,16.10170503
352,16.38250859,16.37940242,16.35805718,16.33478274,16.31595801,16.31480249,16.31998472,16.28583751,16.29185758,16.28310006,16.28025542
353,16.34017258,16.33487066,16.32042505,16.29927423,16.2889054,16.28298198,16.29146451,16.28590918,16.28962576,16.2842102,16.28371469
354,16.44839792,16.44196698,16.43492264,16.4146631,16.40049457,16.38850111,16.38704269,16.38019402,16.37666612,16.37349841,16.37316217
355,16.42791999,16.42243034,16.41828395,16.39844142,16.36840368,16.35940855,16.35563841,16.34958537,16.34760906,16.34623874,16.34623874
356,16.51428077,16.50843391,16.50212978,16.50028783,16.4889122,16.47127378,16.46748968,16.46639898,16.46482888,16.46295446,16.46295446
357,16.44628951,16.44020977,16.43080016,16.41572209,16.40850262,16.39104357,16.39007847,16.38738629,16.38282039,16.38282039,16.38282039
358,16.75516557,16.75175196,16.74607564,16.7352566,16.72568266,16.71226312,16.71041372,16.70775322,16.70295504,16.70092732,16.70092732
359,16.71727623,16.7161396,16.71373495,16.70230045,16.69955682,16.69191652,16.6893712,16.68583509,16.68255706,16.68149911,16.68149911
360,16.55897235,16.555808,16.55161646,16.54683273,16.54090869,16.53623696,16.53170156,16.53031849,16.52973345,16.52964529,16.52964529
361,16.35865217,16.35931356,16.35806024,16.35233086,16.34512519,16.34464565,16.34392052,16.34208144,16.3399651,16.3399651,16.3399651
362,16.55140904,16.55136647,16.55148395,16.54765165,16.545343,16.54444545,16.54442462,16.5429434,16.54279626,16.54279626,16.54279626
363,16.5579814,16.55785073,16.55785073,16.55602947,16.55467734,16.55444919,16.55470482,16.55470482,16.55396913,16.55396913,16.55396913
364,16.38726007,16.38750391,16.38435326,16.38134282,16.37989396,16.38062253,16.38050256,16.38050256,16.38050256,16.38050256,16.38050256
